[{"model": "jobsite.company", "pk": 1, "fields": {"name": "VNG Corporation", "slug": "vng", "logo": "logo/vng-logo.png", "website": "https://www.vng.com.vn/", "type": 1, "size": 2000, "district": 771, "rating": 29, "bio": "Embracing Challenges", "overview": "VNG tin v\u00e0o s\u1ee9c m\u1ea1nh c\u1ee7a Internet v\u00e0 \u0111\u1eb7t cho m\u00ecnh s\u1ee9 m\u1ec7nh mang l\u1ea1i cho ng\u01b0\u1eddi s\u1eed d\u1ee5ng Internet nh\u1eefng tr\u1ea3i nghi\u1ec7m \u00fd ngh\u0129a. M\u1ed7i ng\u00e0y, h\u00e0ng tri\u1ec7u b\u1ea1n tr\u1ebb Vi\u1ec7t Nam gi\u1ea3i tr\u00ed, giao l\u01b0u k\u1ebft b\u1ea1n, mua s\u1eafm tr\u1ef1c tuy\u1ebfn hay tham gia nh\u1eefng ho\u1ea1t \u0111\u1ed9ng v\u00ec c\u1ed9ng \u0111\u1ed3ng th\u00f4ng qua nh\u1eefng s\u1ea3n ph\u1ea9m c\u1ee7a VNG, \u0111\u00f3 l\u00e0 c\u00e1ch VNG \u0111\u00e3 v\u00e0 \u0111ang t\u1ea1o ra gi\u00e1 tr\u1ecb cho x\u00e3 h\u1ed9i.\r\nVNG c\u0169ng hi\u1ec3u r\u1eb1ng ti\u1ec1m n\u0103ng c\u1ee7a Internet c\u00f2n r\u1ea5t l\u1edbn, v\u00e0 kh\u00f4ng ng\u1eebng t\u00ecm ki\u1ebfm nh\u1eefng c\u00e1ch th\u1ee9c m\u1edbi \u0111\u1ec3 Internet tr\u1edf n\u00ean g\u1ea7n g\u0169i h\u01a1n, mang l\u1ea1i nhi\u1ec1u thay \u0111\u1ed5i c\u00f3 gi\u00e1 tr\u1ecb h\u01a1n cho ng\u01b0\u1eddi Vi\u1ec7t Nam. Ch\u00fa tr\u1ecdng \u0111\u1ea7u t\u01b0 cho nghi\u00ean c\u1ee9u v\u00e0 ph\u00e1t tri\u1ec3n, kh\u00f4ng ng\u1eebng c\u1ea3i ti\u1ebfn c\u00f4ng ngh\u1ec7, \u0111\u1ed3ng th\u1eddi duy tr\u00ec hi\u1ec7u qu\u1ea3 hi\u1ec7u \u0111\u1ed9ng c\u1ee7a t\u1ed5 ch\u1ee9c, \u0111\u00f3 l\u00e0 \u0111i\u1ec1u VNG \u0111ang l\u00e0m \u0111\u1ec3 theo \u0111u\u1ed5i s\u1ee9 m\u1ec7nh \u201cPh\u00e1t tri\u1ec3n Internet \u0111\u1ec3 thay \u0111\u1ed5i cu\u1ed9c s\u1ed1ng ng\u01b0\u1eddi Vi\u1ec7t Nam\u201d.", "email": "recruitment@vng.com.vn", "address": "Tr\u1ee5 s\u1edf ch\u00ednh (Flemington), 182 L\u00ea \u0110\u1ea1i H\u00e0nh, Ph\u01b0\u1eddng 15, Qu\u1eadn 11.", "google_map": "https://www.google.com/maps/embed?pb=!1m14!1m8!1m3!1d7838.98163007172!2d106.6618018!3d10.7736703!3m2!1i1024!2i768!4f13.1!3m3!1m2!1s0x31752ec374eeb729%3A0x8386011b32773063!2sVNG+Corporation!5e0!3m2!1sen!2s!4v1493519172839", "job_count": 18, "review_count": 2}}, {"model": "jobsite.company", "pk": 2, "fields": {"name": "Vietnam Esports", "slug": "ved", "logo": "logo/ved_logo.png", "website": "http://vietnamesports.vn/", "type": 1, "size": 1000, "district": 770, "rating": 38, "bio": "D\u00e1m m\u01a1. D\u00e1m ngh\u0129. D\u00e1m l\u00e0m.", "overview": "Nh\u1eefng vi\u00ean g\u1ea1ch n\u1ec1n \u0111\u1ea7u ti\u00ean c\u1ee7a Vietnam Esports \u0111\u01b0\u1ee3c x\u00e2y n\u00ean t\u1eeb m\u1ed9t nh\u00f3m c\u00e1c ch\u00e0ng trai tr\u1ebb, \u1ea5p \u1ee7 kh\u00e1t khao ph\u00e1t tri\u1ec3n n\u1ec1n th\u1ec3 thao \u0111i\u1ec7n t\u1eed chuy\u00ean nghi\u1ec7p t\u1ea1i Vi\u1ec7t Nam. V\u00e0o th\u1eddi \u0111i\u1ec3m \u0111\u00f3, e-Sports c\u00f2n r\u1ea5t m\u1edbi m\u1ebb v\u00e0 ch\u01b0a nh\u1eadn \u0111\u01b0\u1ee3c s\u1ef1 \u1ee7ng h\u1ed9 c\u1ee7a x\u00e3 h\u1ed9i. Ch\u00ednh v\u00ec th\u1ebf Vietnam Esports \u0111\u00e3 kh\u00f4ng ng\u1eebng n\u1ed7 l\u1ef1c x\u00e2y d\u1ef1ng h\u00ecnh \u1ea3nh m\u1ed9t n\u1ec1n th\u1ec3 thao \u0111i\u1ec7n t\u1eed l\u00e0nh m\u1ea1nh, \u0111\u01b0\u1ee3c \u0111\u1ea7u t\u01b0 nghi\u00eam t\u00fac, tr\u1ea3 l\u1ea1i \u0111\u00fang ngh\u0129a kh\u00e1i ni\u1ec7m \u201ce-Sports\u201d.\r\nTr\u1ea3i qua h\u01a1n 6 n\u0103m x\u00e2y d\u1ef1ng, Vietnam Esports \u0111\u00e3 ph\u00e1t tri\u1ec3n m\u1ea1nh m\u1ebd v\u1edbi ni\u1ec1m \u0111am m\u00ea c\u1ee7a nh\u1eefng ng\u01b0\u1eddi s\u00e1ng l\u1eadp v\u00e0 s\u1ef1 chung tay g\u00f3p s\u1ee9c c\u1ee7a h\u01a1n 1000 nh\u00e2n vi\u00ean. T\u1eeb m\u1ed9t v\u0103n ph\u00f2ng nh\u1ecf \u1edf H\u00e0 N\u1ed9i v\u00e0o nh\u1eefng ng\u00e0y \u0111\u1ea7u m\u1edbi th\u00e0nh l\u1eadp, hi\u1ec7n nay Vietnam Esports \u0111\u00e3 c\u00f3 v\u0103n ph\u00f2ng \u1edf 3 mi\u1ec1n v\u00e0 tr\u00ean 50 trung t\u00e2m ch\u0103m s\u00f3c kh\u00e1ch h\u00e0ng kh\u1eafp c\u1ea3 n\u01b0\u1edbc.", "email": "tuyendung@ved.com.vn", "address": "T\u00f2a nh\u00e0 Vietnam Esports, 15 Tr\u01b0\u01a1ng \u0110\u1ecbnh, Ph\u01b0\u1eddng 6, Qu\u1eadn 3, Tp. H\u1ed3 Ch\u00ed Minh.", "google_map": "https://www.google.com/maps/embed?pb=!1m14!1m8!1m3!1d15677.832263270986!2d106.6911851!3d10.7761859!3m2!1i1024!2i768!4f13.1!3m3!1m2!1s0x0:0x720c3da0abffa198!2sVietnam Esports!5e0!3m2!1sen!2s!4v1494743634257", "job_count": 0, "review_count": 1}}, {"model": "jobsite.company", "pk": 3, "fields": {"name": "Gameloft South-East Asia", "slug": "gameloft", "logo": "logo/gameloft_sea_logo.png", "website": "http://gameloft-sea.com/", "type": 1, "size": 6000, "district": 766, "rating": 38, "bio": "Join the game", "overview": "A leading digital and social game publisher, Gameloft\u00ae has established itself as one of the top innovators in its field since 2000. Gameloft creates games for all digital platforms and with an audience of 157 million monthly users offers via Gameloft Advertising Solutions a unique level of visibility and involvement to advertisers. \r\n\r\nGameloft operates its own established franchises such as Asphalt\u00ae, Order & Chaos, Modern Combat and Dungeon Hunter and also partners with major rights holders including Universal, Illumination Entertainment, Disney\u00ae, Marvel\u00ae, Hasbro\u00ae, Fox Digital Entertainment, Mattel\u00ae and Ferrari\u00ae. Gameloft distributes its games in over 100 countries and employs 6,000 people worldwide.", "email": "SAI-Recruitment@gameloft.com", "address": "364 C\u1ed9ng H\u00f2a, ph\u01b0\u1eddng 13, T\u00e2n B\u00ecnh, H\u1ed3 Ch\u00ed Minh, Vietnam", "google_map": "https://www.google.com/maps/embed?pb=!1m14!1m8!1m3!1d15676.48717122711!2d106.6401728!3d10.8019829!3m2!1i1024!2i768!4f13.1!3m3!1m2!1s0x0:0x8c8bb90414d6dc38!2sGameloft Vietnam!5e0!3m2!1sen!2s!4v1494744199611", "job_count": 0, "review_count": 1}}, {"model": "jobsite.company", "pk": 4, "fields": {"name": "FPT Software", "slug": "fpt", "logo": "logo/fpt_logo.jpg", "website": "https://www.fpt-software.com/", "type": 2, "size": 10000, "district": 778, "rating": 32, "bio": "The Software Powerhouse", "overview": "Vietnam\u2019s largest and one of the fastest growing software outsourcing companies.\r\nOver 6,000 software outsourcing projects and a total volume of 2.5 million man-days in the last 10 years.\r\nA broad presence in diverse global markets.\r\nSpecialist in shaping world-class networks of global delivery centers.", "email": "vieclam@fsoft.com.vn", "address": "Saigon Hi-Tech Park, Dist 9, T\u0103ng Nh\u01a1n Ph\u00fa A, Qu\u1eadn 9, H\u1ed3 Ch\u00ed Minh, Vietnam", "google_map": "https://www.google.com/maps/embed?pb=!1m18!1m12!1m3!1d3918.480865466359!2d106.79617111519147!3d10.850983460779277!2m3!1f0!2f0!3f0!3m2!1i1024!2i768!4f13.1!3m3!1m2!1s0x317527374c43baad:0xb8b244d75d12213e!2zRlBUIFNvZnR3YXJlIEjhu5MgQ2jDrSBNaW5o!5e0!3m2!1sen!2s!4v1494773057207", "job_count": 4, "review_count": 2}}, {"model": "jobsite.company", "pk": 5, "fields": {"name": "KMS Technology", "slug": "kmstechnology", "logo": "logo/KMS-new.jpg", "website": "http://www.kms-technology.com/", "type": 2, "size": 300, "district": 766, "rating": 32, "bio": "Agile & innovative global outsourcing", "overview": "KMS provides services across the software development lifecycle through partnerships with clients ranging from start-ups to large technology companies. We offer two main service lines: Offshore Product Development and Independent Software Testing. Our infrastructure, methodology, team design, employee profile and client relationship models are designed to maximize the success of our clients in which we can help reduce time to market and increase quality. Most importantly, our culture is defined to encourage our highly experienced teams to deliver innovative solutions that don\u2019t just meet our client\u2019s needs, but also exceed their expectations.", "email": "career@kms-technology.com", "address": "123, \u0111\u01b0\u1eddng C\u1ed9ng H\u00f2a, qu\u1eadn T\u00e2n B\u00ecnh", "google_map": "https://www.google.com/maps/embed?pb=!1m18!1m12!1m3!1d3919.132190462339!2d106.64997931517071!3d10.801186161688825!2m3!1f0!2f0!3f0!3m2!1i1024!2i768!4f13.1!3m3!1m2!1s0x31752948225688e5%3A0xdc1e79aab59de622!2zMTIzIEPhu5luZyBIw7JhLCBQaMaw4budbmcgMTIsIFTDom4gQsOsbmgsIEjhu5MgQ2jDrSBNaW5oLCBWaeG7h3QgTmFt!5e0!3m2!1svi!2s!4v1495028568303", "job_count": 9, "review_count": 2}}, {"model": "jobsite.company", "pk": 6, "fields": {"name": "NCT Corporation", "slug": "nct", "logo": "logo/logo_nct.jpg", "website": "http://nctcorp.vn/", "type": 1, "size": 150, "district": 771, "rating": 29, "bio": "\u0110\u01a1n v\u1ecb ch\u1ee7 qu\u1ea3n website \u00e2m nh\u1ea1c h\u00e0ng \u0111\u1ea7u Vi\u1ec7t Nam l\u00e0 NhacCuaTui.com", "overview": "Th\u00e0nh l\u1eadp n\u0103m 2008, ti\u1ec1n th\u00e2n c\u1ee7a C\u00f4ng ty C\u1ed5 ph\u1ea7n NCT l\u00e0 C\u00f4ng ty C\u1ed5 ph\u1ea7n Nh\u1ea1c C\u1ee7a Tui, l\u1ea5y theo t\u00ean s\u1ea3n ph\u1ea9m \u0111\u1ea7u ti\u00ean \u2013 NhacCuaTui.com. \u0110\u1ebfn nay, NCT \u0111\u00e3 ph\u00e1t tri\u1ec3n th\u00eam nhi\u1ec1u s\u1ea3n ph\u1ea9m kh\u00e1c v\u00e0 c\u00e1i t\u00ean NCT Corporation \u0111\u01b0\u1ee3c ch\u1ecdn \u0111\u1ec3 thay th\u1ebf. \r\n\r\nM\u1ed7i ng\u00e0y, NhacCuaTui.com c\u00f3 tr\u00ean 2 tri\u1ec7u l\u01b0\u1ee3t truy c\u1eadp v\u00e0 NCT nhanh ch\u00f3ng tr\u1edf th\u00e0nh th\u01b0\u01a1ng hi\u1ec7u th\u00e2n thu\u1ed9c v\u1edbi ng\u01b0\u1eddi d\u00f9ng Internet Vi\u1ec7t Nam. Ch\u00fang t\u00f4i c\u1ea3m th\u1ea5y \u0111\u01b0\u1ee3c kh\u00edch l\u1ec7 r\u1ea5t nhi\u1ec1u khi c\u1ed9ng \u0111\u1ed3ng ng\u01b0\u1eddi d\u00f9ng \u0111\u00f3n nh\u1eadn d\u1ecbch v\u1ee5 c\u1ee7a NCT nh\u01b0 m\u1ed9t s\u1ea3n ph\u1ea9m tinh th\u1ea7n l\u00e0nh m\u1ea1nh v\u00e0 h\u1eefu \u00edch.", "email": "contact@nct.vn", "address": "T\u00f2a nh\u00e0 Ho\u00e0ng Anh Gia Lai Safomec, Ph\u00f2ng 703-704 S\u1ed1 7/1, \u0110\u01b0\u1eddng Th\u00e0nh Th\u00e1i, Ph\u01b0\u1eddng 14, Qu\u1eadn 10", "google_map": "https://www.google.com/maps/embed?pb=!1m18!1m12!1m3!1d1647.9667678411383!2d106.66461353661138!3d10.76930617924089!2m3!1f0!2f0!3f0!3m2!1i1024!2i768!4f13.1!3m3!1m2!1s0x0%3A0x4930eba3e1b8ae73!2sNhacCuaTui.com!5e0!3m2!1svi!2s!4v1495035760026", "job_count": 2, "review_count": 2}}, {"model": "jobsite.company", "pk": 7, "fields": {"name": "Gumi Vietnam", "slug": "gumiviet", "logo": "logo/gumi.png", "website": "http://www.gumiviet.com/", "type": 1, "size": 50, "district": 770, "rating": 38, "bio": "Gumi Vietnam is a Japanese base IT company strongly focus on making Web & Mobile application.", "overview": "Gumi Vietnam is a branch of Gumi Japan company established on Oct - 2012. \r\n\r\nWe 're strongly focus on making Web & Mobile application, both in out-sourcing and in-house products.\r\n\r\nHere at Gumi Vietnam, we have young, creative, friendly and ambitious people working together and we 're still looking for awesome, talented IT geek to join us.", "email": "contact@gumiviet.com", "address": "39, Nguy\u1ec5n Th\u1ecb Di\u1ec7u, Qu\u1eadn 3", "google_map": "https://www.google.com/maps/embed?pb=!1m18!1m12!1m3!1d3919.471080459717!2d106.68594031517054!3d10.775186262162082!2m3!1f0!2f0!3f0!3m2!1i1024!2i768!4f13.1!3m3!1m2!1s0x31752f3b3357f417%3A0x23e417f7b7cd1b1f!2sC%C3%B4ng+ty+gumi+Vietnam!5e0!3m2!1svi!2s!4v1495038122715", "job_count": 2, "review_count": 1}}, {"model": "jobsite.company", "pk": 8, "fields": {"name": "BeeSight Soft", "slug": "beesight", "logo": "logo/beesight.png", "website": "https://beesightsoft.com/", "type": 2, "size": 150, "district": 766, "rating": 38, "bio": "BeeSight Soft - Trusted software outsourcing provider", "overview": "BeeSight Soft was founded in 2011 by young and passionate of technologists. Since that time, we have been involved in releasing numerous projects for diverse business industries. \r\n\r\nOur vision is becoming a trusted software outsourcing provider for our client. BeeSight Soft not only provides software developers, but also supplies a software development ecosystem. Together, we help our clients make their own about what to build and provide expert team to build it.", "email": "info@beesightsoft.com", "address": "320/12 Tr\u01b0\u1eddng Chinh, ph\u01b0\u1eddng 13, qu\u1eadn T\u00e2n B\u00ecnh", "google_map": "https://www.google.com/maps/embed?pb=!1m18!1m12!1m3!1d3919.155689913105!2d106.64095431517084!3d10.79938526172168!2m3!1f0!2f0!3f0!3m2!1i1024!2i768!4f13.1!3m3!1m2!1s0x3175294e5cb39f19%3A0x4bd5f55bf006d338!2sBeesightsoft!5e0!3m2!1svi!2sus!4v1495042397133", "job_count": 6, "review_count": 1}}, {"model": "jobsite.company", "pk": 9, "fields": {"name": "NHN Entertainment", "slug": "nhn", "logo": "logo/nhn.png", "website": "https://www.nhnent.com/", "type": 1, "size": 300, "district": 770, "rating": 33, "bio": "While focusing on mobile game business & launched an e-commerce business for stable profit growth", "overview": "NHN Entertainment Singapore is a wholly-owned subsidiary of NHN Entertainment Corp. and serves as focus point for providing a valuable platform for games developers in leading overseas expansion of online games services to Singapore and other South-East Asia countries. NHN Entertainment Singapore is preparing to launch a new online game community portal, offering wide range of game genres, including fun and interesting causal mobile games, multiplayer web-based games to arcade-style, console-quality online role-playing games. The service will offer gamers the best in interactive online game entertainment, combining innovative social platform functionality with popular hit game titles.", "email": "recruit_vn@nhnent.com", "address": "549, \u0110i\u1ec7n Bi\u00ean Ph\u1ee7, Qu\u1eadn 3", "google_map": "https://www.google.com/maps/embed?pb=!1m18!1m12!1m3!1d2771.5277895218646!2d106.67586659038399!3d10.770491411600174!2m3!1f0!2f0!3f0!3m2!1i1024!2i768!4f13.1!3m3!1m2!1s0x31752f207a9a4a83%3A0x6f13522e36f76f4!2zNTQ5IMSQaeG7h24gQmnDqm4gUGjhu6csIDMsIFF14bqtbiAzLCBI4buTIENow60gTWluaCA3MDAwMCwgVmnhu4d0IE5hbQ!5e0!3m2!1svi!2sus!4v1495043493383", "job_count": 2, "review_count": 1}}, {"model": "jobsite.company", "pk": 10, "fields": {"name": "NashTech", "slug": "nashtech", "logo": "logo/nashtech-logo.png", "website": "https://www.nashtechglobal.com/", "type": 2, "size": 300, "district": 766, "rating": 43, "bio": "Global software, offshore development and IT company.", "overview": "As a brand of Harvey Nash Group, NashTech has committed to deliver the very best talents, IT solutions and Business Process Services to our international clients in the UK, Europe, Asia Pacific & the US.na\r\nWe have over 1,600 software engineers through our development centers in Ho Chi Minh City and Ha Noi, pursuing the highest levels of integrity and quality in providing a unique portfolio of services including:\r\nSoftware Development\r\nBusiness Process Services (BPS)\r\nIT Infrastructure & Maintenance\r\nCommunications Technology R&D", "email": "info@nashtechglobal.com", "address": "364 C\u1ed9ng H\u00f2a, qu\u1eadn T\u00e2n B\u00ecnh", "google_map": "https://www.google.com/maps/embed?pb=!1m18!1m12!1m3!1d3919.128004024731!2d106.63861151517075!3d10.801506961682952!2m3!1f0!2f0!3f0!3m2!1i1024!2i768!4f13.1!3m3!1m2!1s0x317529502711460f%3A0xb7ce4406b2d0bb8b!2sNashTech!5e0!3m2!1svi!2sus!4v1495044211931", "job_count": 2, "review_count": 1}}, {"model": "jobsite.company", "pk": 11, "fields": {"name": "YouNet Corporation", "slug": "younet", "logo": "logo/14495443_1284902564906192_4876069603630089950_n.png", "website": "https://www.younet.co/", "type": 1, "size": 300, "district": 760, "rating": 35, "bio": "", "overview": "YouNet is the leader in Complete Social Solution in South East Asia. We help businesses maximize efficiency and productivity, decrease expenses and increase profitability by focusing on exploiting 3 communities:\r\nCreate a community for customers, this is niche social network (customer community).\r\nAllow businesses to improve internal communications by our enterprise social network (employee community).\r\nManage businesses online presence to make an impact in chosen marketplace and develop a complex marketing strategy based on online consumer insight (Social media).\r\nSince 2010, YouNet has been the world's largest niche social network consulting and development provider on popular platforms. From 2013, YouNet has been the No.1 real-time social media listening & Intelligence agency in Vietnam. In 2014, YouNet pioneered enterprise social network (social intranet) consulting and solidified our future goals to produce products that will allow your business the recognition it deserves.\r\nMission: to help improve business efficiency based on Social Technology.\r\nVision: to become the world\u2019s leading social solutions provider.", "email": "info@younetco.com", "address": "2nd Floor Lu Gia Plaza, 70 Lu Gia, W.15, Dist. 11, Ho Chi Minh City, Viet Nam", "google_map": "https://www.google.com/maps/embed?pb=!1m18!1m12!1m3!1d3919.522883065832!2d106.65049911523114!3d10.771206462234295!2m3!1f0!2f0!3f0!3m2!1i1024!2i768!4f13.1!3m3!1m2!1s0x31752ebff57c7e3b%3A0xffdf9d92e4e6e680!2sC%C3%B4ng+Ty+Cp+Younet+Software!5e0!3m2!1sen!2s!4v1495272765321", "job_count": 4, "review_count": 2}}, {"model": "jobsite.company", "pk": 12, "fields": {"name": "ARIS Vi\u1ec7t Nam", "slug": "aris", "logo": "logo/8b94a606c49e9977475faf1e7567a418.jpeg", "website": "http://aris-vn.com/vi/", "type": 2, "size": 50, "district": 766, "rating": 38, "bio": "", "overview": "ARIS Vi\u1ec7t Nam l\u00e0 c\u00f4ng ty v\u1ed1n 100% t\u1eeb Nh\u1eadt B\u1ea3n. \u0110\u01b0\u1ee3c th\u00e0nh l\u1eadp v\u00e0o n\u0103m 2011, v\u1edbi tr\u1ee5 s\u1edf t\u1ea1i Qu\u1eadn T\u00e2n B\u00ecnh, th\u00e0nh ph\u1ed1 H\u1ed3 Ch\u00ed Minh. ARIS Vi\u1ec7t Nam chuy\u00ean v\u1ec1 ph\u00e1t tri\u1ec3n c\u00e1c \u1ee9ng d\u1ee5ng di \u0111\u1ed9ng cho h\u1ea7u h\u1ebft c\u00e1c n\u1ec1n t\u1ea3ng, c\u00e1c lo\u1ea1i thi\u1ebft b\u1ecb di \u0111\u1ed9ng kh\u00e1c nhau; v\u00e0 cung c\u1ea5p c\u00e1c d\u1ecbch v\u1ee5 v\u1ec1 Ph\u00e1t tri\u1ec3n ph\u1ea7n m\u1ec1m theo y\u00eau c\u1ea7u, Ki\u1ec3m th\u1eed ph\u1ea7n m\u1ec1m. V\u1edbi \u0111\u1ed9i ng\u0169 nh\u00e2n l\u1ef1c tr\u1ebb, t\u00e0i n\u0103ng v\u00e0 \u0111\u1ea7y nhi\u1ec7t huy\u1ebft. ARIS Vi\u1ec7t Nam lu\u00f4n h\u01b0\u1edbng \u0111\u1ebfn nh\u1eefng s\u1ea3n ph\u1ea9m ch\u1ea5t l\u01b0\u1ee3ng t\u1ed1t nh\u1ea5t, lu\u00f4n \u0111\u1ed3ng h\u00e0nh v\u00e0 \u0111\u1ea3m b\u1ea3o th\u00e0nh c\u00f4ng c\u1ee7a b\u1ea1n.", "email": "contact@aris-vn.com", "address": "10 Ph\u1ed5 Quang T\u00e2n B\u00ecnh Ho Chi Minh", "google_map": "https://www.google.com/maps/embed?pb=!1m18!1m12!1m3!1d3919.076651446203!2d106.66444831523144!3d10.805441261611145!2m3!1f0!2f0!3f0!3m2!1i1024!2i768!4f13.1!3m3!1m2!1s0x31752924efc922bf%3A0xc929a779a2b6f56e!2zQ8O0bmcgdHkgV2FzZWNvIFBo4buVIFF1YW5n!5e0!3m2!1svi!2s!4v1495630733643", "job_count": 1, "review_count": 1}}, {"model": "jobsite.suggestedcompany", "pk": 1, "fields": {"name": "Dasd", "website": "http://ahihi.com", "type": 1, "overview": "a", "email": "dasdsa@gmail.com", "address": "dsadsa"}}, {"model": "jobsite.suggestedcompany", "pk": 2, "fields": {"name": "Dasd", "website": "http://ahihi.com", "type": 2, "overview": "a", "email": "dasdsa@gmail.com", "address": "dsadsa"}}, {"model": "jobsite.suggestedcompany", "pk": 3, "fields": {"name": "agii", "website": "http://ahihi.com", "type": 1, "overview": "ahihi", "email": "a@gmail.com", "address": "ahihi"}}, {"model": "jobsite.suggestedcompany", "pk": 4, "fields": {"name": "agii", "website": "http://ahihi.com", "type": 1, "overview": "ahihi", "email": "a@gmail.com", "address": "ahihi"}}, {"model": "jobsite.suggestedcompany", "pk": 5, "fields": {"name": "\u0111asa", "website": "http://nctcorp.vn/", "type": 2, "overview": "dsadsadsa", "email": "dsadsa@gmail.com", "address": "\u0111asa"}}, {"model": "jobsite.suggestedcompany", "pk": 6, "fields": {"name": "\u0111asa", "website": "http://nctcorp.vn/", "type": 2, "overview": "dsadsadsa", "email": "dsadsa@gmail.com", "address": "\u0111asa"}}, {"model": "jobsite.suggestedcompany", "pk": 7, "fields": {"name": "sadsada", "website": "http://dsadsa.com", "type": 1, "overview": "dsadsa", "email": "dsadasd@gmail.com", "address": "\u0111asa"}}, {"model": "jobsite.suggestedcompany", "pk": 8, "fields": {"name": "cfszfsada", "website": "http://nctcorp.vn/", "type": 1, "overview": "dsadsadsad", "email": "dsadsa@gmail.com", "address": "dsadsadas"}}, {"model": "jobsite.suggestedcompany", "pk": 9, "fields": {"name": "dsad", "website": "http://dsadsa.com", "type": 2, "overview": "dsadsa", "email": "dsadsa@gmail.com", "address": "dsadsa"}}, {"model": "jobsite.suggestedcompany", "pk": 10, "fields": {"name": "fkshjfkskf", "website": "http://nctcorp.vn/", "type": 1, "overview": "fsfs", "email": "fsafsa@gmail.com", "address": "fsafas"}}, {"model": "jobsite.suggestedcompany", "pk": 11, "fields": {"name": "dsadsa", "website": "http://a.com", "type": 1, "overview": "dsadsa", "email": "ntlvtkg@gmail.com", "address": "dsadsa"}}, {"model": "jobsite.suggestedcompany", "pk": 12, "fields": {"name": "\u0111asa", "website": "http://a.com", "type": 2, "overview": "dsadas", "email": "ntl@gmail.com", "address": "dsadsa"}}, {"model": "jobsite.suggestedcompany", "pk": 13, "fields": {"name": "s\u1ea5d", "website": "http://nctcorp.vn/", "type": 2, "overview": "dsadsa", "email": "ntlvtkg@gmail.com", "address": "dsadsa"}}, {"model": "jobsite.suggestedcompany", "pk": 14, "fields": {"name": "dsadsa", "website": "http://nctcorp.vn/", "type": 1, "overview": "dsadsadsa", "email": "ntlvtkg@gmail.com", "address": "dsadsadsa"}}, {"model": "jobsite.job", "pk": 1, "fields": {"name": "Frontend Website Developer - TalkTV", "created_by": "Ph\u1ea1m H\u1eefu Danh", "created_at": "2017-05-14T07:20:14.948Z", "updated_at": "2017-05-24T04:50:15.055Z", "expired_at": "2017-06-14T07:20:14Z", "is_full_time": false, "company": 1, "company_address": "Tr\u1ee5 s\u1edf ch\u00ednh (Flemington), 182 L\u00ea \u0110\u1ea1i H\u00e0nh, Ph\u01b0\u1eddng 15, Qu\u1eadn 11.", "company_district": 771, "company_name": "VNG Corporation", "company_slug": "vng", "company_type": 1, "company_logo": "logo/vng-logo.png", "company_size": 2000, "company_apply_link": "https://career.vng.com.vn/danh-cho-sinh-vien/14-chuong-trinh-vng-internship#E437.PINTERNSHIP", "how_to_apply": "C\u00f3 ki\u1ebfn th\u1ee9c PHP, MySQL, html, css, js, responsive design.\r\n\u01afu ti\u00ean c\u00e1c b\u1ea1n sinh vi\u00ean \u0111\u00e3 t\u1eebng tham gia c\u00e1c d\u1ef1 \u00e1n PHP/Python.\r\nCh\u1ecbu kh\u00f3 h\u1ecdc h\u1ecfi, \u00e1p l\u1ef1c c\u00f4ng vi\u1ec7c cao.\r\nC\u00f3 h\u1ee9ng th\u00fa trong vi\u1ec7c ph\u00e1t tri\u1ec3n Frontend cho website", "description": "Ph\u00e1t tri\u1ec3n web app mobile cho TalkTV.\r\nPh\u00e1t tri\u1ec3n t\u00ednh n\u0103ng v\u1ec1 Frontend cho web TalkTV.\r\nX\u00e2y d\u1ef1ng c\u00e1c mainsite, landing page cho s\u1ea3n ph\u1ea9m.", "_skills": "[{\"description\": \"\", \"id\": 1, \"name\": \"PHP\"}, {\"description\": \"\", \"id\": 2, \"name\": \"MySQL\"}, {\"description\": \"\", \"id\": 3, \"name\": \"HTML\"}, {\"description\": \"\", \"id\": 4, \"name\": \"CSS\"}, {\"description\": \"\", \"id\": 5, \"name\": \"Javascript\"}, {\"description\": \"\", \"id\": 6, \"name\": \"Python\"}]", "_benefits": "[{\"description\": \"Thu nh\u1eadp h\u1ea5p d\u1eabn.\", \"id\": 1, \"name\": \"L\u01b0\u01a1ng\"}, {\"description\": \"H\u1ed7 tr\u1ee3 c\u01a1m tr\u01b0a, tr\u00e0 caf\u00e9 mi\u1ec5n ph\u00ed.\", \"id\": 2, \"name\": \"\u0102n u\u1ed1ng\"}, {\"description\": \"\u0110\u01b0\u1ee3c s\u1eed d\u1ee5ng mi\u1ec5n ph\u00ed ph\u00f2ng gym hi\u1ec7n \u0111\u1ea1i v\u00e0 c\u00e1c ho\u1ea1t \u0111\u1ed9ng th\u1ec3 d\u1ee5c, th\u1ec3 thao: c\u1ea7u l\u00f4ng, tennis, b\u01a1i l\u1ed9i,\u2026\", \"id\": 3, \"name\": \"S\u1ee9c kho\u1ebb\"}, {\"description\": \"\u0110\u01b0\u1ee3c h\u1ecdc h\u1ecfi t\u1eeb c\u00e1c chuy\u00ean gia h\u00e0ng \u0111\u1ea7u trong ng\u00e0nh Internet. \u0110\u01b0\u1ee3c \u0111\u00e0o t\u1ea1o b\u00e0i b\u1ea3n v\u1ec1 chuy\u00ean m\u00f4n v\u00e0 l\u00e0m vi\u1ec7c th\u1ef1c t\u1ebf trong c\u00e1c s\u1ea3n ph\u1ea9m h\u00e0ng ch\u1ee5c tri\u1ec7u s\u1eed d\u1ee5ng.\", \"id\": 5, \"name\": \"Ki\u1ebfn th\u1ee9c\"}, {\"description\": \"S\u1edf h\u1eefu c\u01a1 h\u1ed9i tr\u1edf th\u00e0nh nh\u00e2n vi\u00ean ch\u00ednh th\u1ee9c t\u1ea1i VNG.\", \"id\": 4, \"name\": \"C\u01a1 h\u1ed9i\"}]"}}, {"model": "jobsite.job", "pk": 2, "fields": {"name": "Backend Developer (Java/ C++) - ZALO", "created_by": "Ph\u1ea1m H\u1eefu Danh", "created_at": "2017-05-14T07:20:14.948Z", "updated_at": "2017-05-24T04:50:54.053Z", "expired_at": "2017-05-14T07:20:14Z", "is_full_time": false, "company": 1, "company_address": "Tr\u1ee5 s\u1edf ch\u00ednh (Flemington), 182 L\u00ea \u0110\u1ea1i H\u00e0nh, Ph\u01b0\u1eddng 15, Qu\u1eadn 11.", "company_district": 771, "company_name": "VNG Corporation", "company_slug": "vng", "company_type": 1, "company_logo": "logo/vng-logo.png", "company_size": 2000, "company_apply_link": "https://career.vng.com.vn/danh-cho-sinh-vien/14-chuong-trinh-vng-internship#E435.PINTERNSHIP", "how_to_apply": "", "description": "Tham gia ph\u00e1t tri\u1ec3n h\u1ec7 th\u1ed1ng Web fullstack b\u1eb1ng Java/ C++.\r\nC\u00f3 ki\u1ebfn th\u1ee9c n\u1ec1n t\u1ea3ng t\u1ed1t: c\u1ea5u tr\u00fac d\u1eef li\u1ec7u, k\u1ef9 thu\u1eadt l\u1eadp tr\u00ecnh\r\nY\u00eau th\u00edch l\u1eadp tr\u00ecnh web ho\u1eb7c backend services, v\u00e0 \u0111\u1ecbnh h\u01b0\u1edbng s\u1ebd theo nh\u00e1nh ngh\u1ec1 nghi\u1ec7p n\u00e0y.", "_skills": "[{\"description\": \"\", \"id\": 3, \"name\": \"HTML\"}, {\"description\": \"\", \"id\": 4, \"name\": \"CSS\"}, {\"description\": \"\", \"id\": 5, \"name\": \"Javascript\"}, {\"description\": \"\", \"id\": 7, \"name\": \"Java\"}, {\"description\": \"\", \"id\": 8, \"name\": \"C plus plus\"}]", "_benefits": "[{\"description\": \"Thu nh\u1eadp h\u1ea5p d\u1eabn\", \"id\": 1, \"name\": \"L\u01b0\u01a1ng\"}, {\"description\": \"H\u1ed7 tr\u1ee3 c\u01a1m tr\u01b0a, tr\u00e0 caf\u00e9 mi\u1ec5n ph\u00ed\", \"id\": 2, \"name\": \"\u0102n u\u1ed1ng\"}, {\"description\": \"\u0110\u01b0\u1ee3c s\u1eed d\u1ee5ng mi\u1ec5n ph\u00ed ph\u00f2ng gym hi\u1ec7n \u0111\u1ea1i v\u00e0 c\u00e1c ho\u1ea1t \u0111\u1ed9ng th\u1ec3 d\u1ee5c, th\u1ec3 thao: c\u1ea7u l\u00f4ng, tennis, b\u01a1i l\u1ed9i,\u2026\", \"id\": 3, \"name\": \"S\u1ee9c kho\u1ebb\"}, {\"description\": \"S\u1edf h\u1eefu c\u01a1 h\u1ed9i tr\u1edf th\u00e0nh nh\u00e2n vi\u00ean ch\u00ednh th\u1ee9c t\u1ea1i VNG.\", \"id\": 4, \"name\": \"C\u01a1 h\u1ed9i\"}, {\"description\": \"\u0110\u01b0\u1ee3c h\u1ecdc h\u1ecfi t\u1eeb c\u00e1c chuy\u00ean gia h\u00e0ng \u0111\u1ea7u trong ng\u00e0nh Internet.\\r\\n\u0110\u01b0\u1ee3c \u0111\u00e0o t\u1ea1o b\u00e0i b\u1ea3n v\u1ec1 chuy\u00ean m\u00f4n v\u00e0 l\u00e0m vi\u1ec7c th\u1ef1c t\u1ebf trong c\u00e1c s\u1ea3n ph\u1ea9m h\u00e0ng ch\u1ee5c tri\u1ec7u s\u1eed d\u1ee5ng.\", \"id\": 5, \"name\": \"Ki\u1ebfn th\u1ee9c\"}]"}}, {"model": "jobsite.job", "pk": 3, "fields": {"name": "Th\u1ef1c t\u1eadp L\u1eadp tr\u00ecnh ERP", "created_by": "Ph\u1ea1m H\u1eefu Danh", "created_at": "2017-05-14T14:58:37.710Z", "updated_at": "2017-05-24T04:43:39.259Z", "expired_at": "2017-05-18T16:59:59Z", "is_full_time": false, "company": 4, "company_address": "Saigon Hi-Tech Park, Dist 9, T\u0103ng Nh\u01a1n Ph\u00fa A, Qu\u1eadn 9, H\u1ed3 Ch\u00ed Minh, Vietnam", "company_district": 778, "company_name": "FPT Software", "company_slug": "fpt", "company_type": 2, "company_logo": "logo/fpt_logo.jpg", "company_size": 10000, "company_apply_link": "https://career.fpt-software.com/vi/job/hcm-hot-thuc-tap-lap-trinh-erp/", "how_to_apply": "Sinh vi\u00ean n\u0103m 3/n\u0103m cu\u1ed1i chuy\u00ean ng\u00e0nh C\u00f4ng ngh\u1ec7 Th\u00f4ng tin\r\nC\u00f3 th\u1ec3 \u0111\u1ecdc hi\u1ec3u Ti\u1ebfng Anh t\u00e0i li\u1ec7u chuy\u00ean ng\u00e0nh", "description": "Th\u1ef1c t\u1eadp t\u1ea1i ph\u00f2ng t\u01b0 v\u1ea5n tri\u1ec3n khai ERP c\u1ee7a c\u00f4ng ty\r\n\u0110\u01b0\u1ee3c \u0111\u00e0o t\u1ea1o v\u1ec1 qui tr\u00ecnh ph\u00e1t tri\u1ec3n ph\u1ea7n m\u1ec1m\r\n\u0110\u01b0\u1ee3c \u0111\u00e0o t\u1ea1o v\u00e0 ph\u00e1t tri\u1ec3n c\u00e1c \u1ee9ng d\u1ee5ng ERP v\u00e0 BI", "_skills": "[{\"description\": \"\", \"id\": 9, \"name\": \"N\u0103m 3 tr\u1edf l\u00ean\"}, {\"description\": \"\", \"id\": 10, \"name\": \"Ti\u1ebfng Anh t\u1ed1t\"}]", "_benefits": "[{\"description\": \"Tham gia thi\u1ebft k\u1ebf ki\u1ebfn tr\u00fac h\u1ec7 th\u1ed1ng v\u00e0 ch\u1ee9c n\u0103ng\\r\\nTrao \u0111\u1ed5i \u0111\u1ec3 l\u00e0m r\u00f5 ho\u1eb7c l\u1ea5y y\u00eau c\u1ea7u kh\u00e1ch h\u00e0ng (English or Japanese)\\r\\nPh\u00e1t tri\u1ec3n c\u00e1c \u1ee9ng d\u1ee5ng ERP v\u00e0 BI (Businees intelligent)\\r\\n\u1ee8ng d\u1ee5ng c\u00f4ng ngh\u1ec7  \u0111\u1ec3 ph\u00e1t tri\u1ec3n c\u00e1c \u1ee9ng d\u1ee5ng hay h\u1ec7 th\u1ed1ng v\u1ec7 tinh\", \"id\": 4, \"name\": \"C\u01a1 h\u1ed9i\"}, {\"description\": \"V\u00e0o d\u1ef1 \u00e1n (On-job training) c\u00f3 ph\u1ee5 c\u1ea5p 3-5 tri\u1ec7u/ng\u01b0\u1eddi t\u00f9y v\u00e0o n\u0103ng l\u1ef1c\", \"id\": 1, \"name\": \"L\u01b0\u01a1ng\"}, {\"description\": \"\u0110\u01b0\u1ee3c \u0111\u00e0o t\u1ea1o b\u00e0i b\u1ea3n v\u1ec1 quy tr\u00ecnh, c\u00f4ng ngh\u1ec7 v\u00e0 c\u00e1c ki\u1ebfn th\u1ee9c c\u1ea7n thi\u1ebft cho c\u00f4ng vi\u1ec7c trong ng\u00e0nh CNTT.\", \"id\": 5, \"name\": \"Ki\u1ebfn th\u1ee9c\"}]"}}, {"model": "jobsite.job", "pk": 4, "fields": {"name": "Full-stack Javascript", "created_by": "Nguy\u1ec5n Thanh Li\u00eam", "created_at": "2017-05-17T14:39:04.065Z", "updated_at": "2017-05-24T04:43:38.778Z", "expired_at": "2017-06-17T14:29:50Z", "is_full_time": true, "company": 5, "company_address": "123, \u0111\u01b0\u1eddng C\u1ed9ng H\u00f2a, qu\u1eadn T\u00e2n B\u00ecnh", "company_district": 766, "company_name": "KMS Technology", "company_slug": "kmstechnology", "company_type": 2, "company_logo": "logo/KMS-new.jpg", "company_size": 300, "company_apply_link": "http://careers.kms-technology.com/job/full-stack-javascript-intern", "how_to_apply": "", "description": "Responsibilities:\r\n- Support to implement new features for product\r\n- Support the marketing team to investigate issues if there is any concern from users\r\n- Other tasks as assigned\r\nRequirements:\r\n- At least 6 months of commitment for the internship period (Full-time is preferable)\r\n- Already developed web application or mobile application\r\n- Good communication skills in both English and Vietnamese is a plus", "_skills": "[{\"description\": \"For fresh graduated or 3rd/4th year students\", \"id\": 9, \"name\": \"N\u0103m 3 tr\u1edf l\u00ean\"}, {\"description\": \"Strong background knowledge in OOP, Data structures and algorithms\", \"id\": 11, \"name\": \"OOP v\u00e0 CTDL&GT\"}, {\"description\": \"Some knowledge and experience with JavaScript\", \"id\": 5, \"name\": \"Javascript\"}, {\"description\": \"Some knowledge and experience with HTML\", \"id\": 3, \"name\": \"HTML\"}, {\"description\": \"Some knowledge and experience with CSS\", \"id\": 4, \"name\": \"CSS\"}, {\"description\": \"Already worked with some source version controls: Git/SVN\", \"id\": 15, \"name\": \"Git/SVN\"}]", "_benefits": "[{\"description\": \"Be trained and developed on development skills\", \"id\": 5, \"name\": \"Ki\u1ebfn th\u1ee9c\"}, {\"description\": \"Work in friendly and professional working environment\\r\\nExperience team and company activities\", \"id\": 6, \"name\": \"M\u00f4i tr\u01b0\u1eddng\"}, {\"description\": \"Competitive internship allowance\", \"id\": 1, \"name\": \"L\u01b0\u01a1ng\"}, {\"description\": \"Flexible working time\", \"id\": 7, \"name\": \"Th\u1eddi gian\"}, {\"description\": \"Be able to turn your internship into a career stepping stone\", \"id\": 4, \"name\": \"C\u01a1 h\u1ed9i\"}]"}}, {"model": "jobsite.job", "pk": 5, "fields": {"name": "AI Intern", "created_by": "Nguy\u1ec5n Thanh Li\u00eam", "created_at": "2017-05-17T14:49:19.045Z", "updated_at": "2017-05-24T04:43:36.406Z", "expired_at": "2017-06-17T14:45:10Z", "is_full_time": true, "company": 5, "company_address": "123, \u0111\u01b0\u1eddng C\u1ed9ng H\u00f2a, qu\u1eadn T\u00e2n B\u00ecnh", "company_district": 766, "company_name": "KMS Technology", "company_slug": "kmstechnology", "company_type": 2, "company_logo": "logo/KMS-new.jpg", "company_size": 300, "company_apply_link": "http://careers.kms-technology.com/job/ai-intern", "how_to_apply": "", "description": "Responsibilities:\r\n- Support development team to develop an AI product\r\n- Research about Natural Language Processing\r\n- Other tasks assigned by superior\r\n\r\nHave knowledge about Deep Learning is a plus", "_skills": "[{\"description\": \"Have knowledge about Machine Learning\", \"id\": 18, \"name\": \"Machine Learning\"}, {\"description\": \"Have knowledge about Natural Language Processing\", \"id\": 19, \"name\": \"Natural Language Processing\"}, {\"description\": \"Good in English\", \"id\": 10, \"name\": \"Ti\u1ebfng Anh t\u1ed1t\"}, {\"description\": \"3rd/4th year students in computer science, IT or related major\", \"id\": 9, \"name\": \"N\u0103m 3 tr\u1edf l\u00ean\"}]", "_benefits": "[{\"description\": \"Be trained and developed skills regarding to AI field\", \"id\": 5, \"name\": \"Ki\u1ebfn th\u1ee9c\"}, {\"description\": \"Work in friendly and professional working environment\\r\\nExperience team and company activities\", \"id\": 6, \"name\": \"M\u00f4i tr\u01b0\u1eddng\"}, {\"description\": \"Competitive internship allowance\", \"id\": 1, \"name\": \"L\u01b0\u01a1ng\"}]"}}, {"model": "jobsite.job", "pk": 6, "fields": {"name": "Mobile Developer - Fresher", "created_by": "Nguy\u1ec5n Thanh Li\u00eam", "created_at": "2017-05-17T16:06:14.240Z", "updated_at": "2017-05-24T04:43:33.271Z", "expired_at": "2017-05-31T16:06:08Z", "is_full_time": true, "company": 6, "company_address": "T\u00f2a nh\u00e0 Ho\u00e0ng Anh Gia Lai Safomec, Ph\u00f2ng 703-704 S\u1ed1 7/1, \u0110\u01b0\u1eddng Th\u00e0nh Th\u00e1i, Ph\u01b0\u1eddng 14, Qu\u1eadn 10", "company_district": 771, "company_name": "NCT Corporation", "company_slug": "nct", "company_type": 1, "company_logo": "logo/logo_nct.jpg", "company_size": 150, "company_apply_link": "http://nctcorp.vn/tuyendung/chi-tiet-vi-tri.html?jobId=48", "how_to_apply": "H\u00ecnh th\u1ee9c tuy\u1ec3n ch\u1ecdn:\r\nCh\u00fang t\u00f4i ch\u1ec9 m\u1eddi ph\u1ecfng v\u1ea5n nh\u1eefng \u1ee9ng vi\u00ean c\u00f3 ki\u1ebfn th\u1ee9c th\u1ef1c s\u1ef1 ph\u00f9 h\u1ee3p v\u1edbi m\u00f4 h\u00ecnh kinh doanh v\u00e0 y\u00eau c\u1ea7u c\u00f4ng vi\u1ec7c c\u1ee7a NCT.\r\nSau ph\u1ecfng v\u1ea5n 3 ng\u00e0y, nh\u1eefng \u1ee9ng vi\u00ean tr\u00fang tuy\u1ec3n s\u1ebd \u0111\u01b0\u1ee3c ph\u00f2ng Nh\u00e2n s\u1ef1 th\u00f4ng b\u00e1o k\u1ebft qu\u1ea3 tuy\u1ec3n d\u1ee5ng tr\u1ef1c ti\u1ebfp qua email ho\u1eb7c \u0111i\u1ec7n tho\u1ea1i.\r\nH\u00ecnh th\u1ee9c n\u1ed9p h\u1ed3 s\u01a1: ch\u1ec9 nh\u1eadn h\u1ed3 s\u01a1 qua email hr@nct.vn", "description": "\u01afu ti\u00ean cho c\u00e1c sinh vi\u00ean \u0111\u00e3 c\u00f3 c\u00e1c \u0111\u1ed3 \u00e1n l\u00e0m \u1ee9ng d\u1ee5ng IOS, Android.\r\nTham gia v\u00e0 ph\u00e1t tri\u1ec3n c\u00e1c d\u1ef1 \u00e1n c\u1ee7a C\u00f4ng ty.\r\nTrao \u0111\u1ed5i tr\u1ef1c ti\u1ebfp khi ph\u1ecfng v\u1ea5n.", "_skills": "[{\"description\": \"C\u00f3 k\u1ebft qu\u1ea3 h\u1ecdc t\u1eadp kh\u00e1 tr\u01a1\u0309 l\u00ean.\", \"id\": 25, \"name\": \"\u0110TB 7 tr\u1edf l\u00ean\"}, {\"description\": \"Sinh vi\u00ean n\u0103m cu\u1ed1i ho\u1eb7c m\u1edbi t\u1ed1t nghi\u1ec7p li\u00ean quan li\u0303nh v\u01b0\u0323c CNTT.\", \"id\": 26, \"name\": \"N\u0103m cu\u1ed1i\"}, {\"description\": \"Y\u00eau th\u00edch l\u1eadp tr\u00ecnh v\u00e0 t\u01b0 duy logic t\u1ed1t.\", \"id\": 27, \"name\": \"Logic t\u1ed1t\"}, {\"description\": \"Ch\u1ecbu \u0111\u01b0\u1ee3c \u00e1p l\u1ef1c c\u00f4ng vi\u1ec7c, th\u00e1i \u0111\u1ed9 l\u00e0m vi\u1ec7c t\u1ed1t, ch\u1ecbu kh\u00f3 h\u1ecdc.\", \"id\": 28, \"name\": \"Th\u00e1i \u0111\u1ed9 t\u1ed1t\"}, {\"description\": \"C\u00f3 kh\u1ea3 n\u0103ng n\u1eafm b\u1eaft nhanh v\u00e0 kh\u1ea3 n\u0103ng l\u00e0m vi\u1ec7c theo nh\u00f3m t\u1ed1t.\", \"id\": 29, \"name\": \"K\u1ef9 n\u0103ng m\u1ec1m\"}]", "_benefits": "[{\"description\": \"16 ng\u00e0y ph\u00e9p / n\u0103m\", \"id\": 8, \"name\": \"Ph\u00fac l\u1ee3i\"}, {\"description\": \"Th\u01b0\u1edfng 1 n\u0103m 4 th\u00e1ng l\u01b0\u01a1ng\", \"id\": 9, \"name\": \"Th\u01b0\u1edfng\"}, {\"description\": \"H\u1ed7 tr\u1ee3 c\u01a1m tr\u01b0a\", \"id\": 10, \"name\": \"\u0102n u\u1ed1ng\"}, {\"description\": \"M\u1eebng sinh nh\u1eadt c\u00e1 nh\u00e2n\\r\\nM\u1eebng sinh nh\u1eadt C\u00f4ng ty\\r\\nM\u1eebng \u0111\u00e1m c\u01b0\u1edbi - M\u1eebng sinh con\\r\\nTi\u1ec7c C\u00f4ng ty: \u00edt nh\u1ea5t 2 l\u1ea7n/ n\u0103m\", \"id\": 11, \"name\": \"Ho\u1ea1t \u0111\u1ed9ng\"}, {\"description\": \"Team Building: \u00edt nh\u1ea5t 1 l\u1ea7n/ n\u0103m\", \"id\": 12, \"name\": \"Team Building\"}, {\"description\": \"Kh\u00e1m s\u1ee9c kh\u1ecfe \u0111\u1ecbnh k\u1ef3\", \"id\": 13, \"name\": \"S\u1ee9c kh\u1ecfe\"}]"}}, {"model": "jobsite.job", "pk": 7, "fields": {"name": "Internship t\u1ea1i Gumi Vietnam", "created_by": "Nguy\u1ec5n Thanh Li\u00eam", "created_at": "2017-05-17T16:31:51.004Z", "updated_at": "2017-05-24T04:43:29.933Z", "expired_at": "2017-06-17T16:28:49Z", "is_full_time": true, "company": 7, "company_address": "39, Nguy\u1ec5n Th\u1ecb Di\u1ec7u, Qu\u1eadn 3", "company_district": 770, "company_name": "Gumi Vietnam", "company_slug": "gumiviet", "company_type": 1, "company_logo": "logo/gumi.png", "company_size": 50, "company_apply_link": "http://hiring.gumiviet.com/internship/", "how_to_apply": "Fill the required details in the mentioned space.\t\r\nThe Human Resources will consider your application and contact with you via email or telephone for face-to-face interview in our office.", "description": "You are a self-driven, goal-oriented student with a passion for learning.\r\nYou are currently enrolled in a university, community college, associate, or graduate school program.", "_skills": "[{\"description\": \"Some proficiency in Ruby and Rails, PHP, or some of server-side languages (.NET, Python, etc).\", \"id\": 31, \"name\": \"Server-side Languages\"}]", "_benefits": "[{\"description\": \"iMac is provided for work.\", \"id\": 14, \"name\": \"C\u01a1 s\u1edf v\u1eadt ch\u1ea5t\"}, {\"description\": \"Working in a professional, friendly, well-equipped environment both with Japanese and Vietnamese.\", \"id\": 6, \"name\": \"M\u00f4i tr\u01b0\u1eddng\"}, {\"description\": \"Review salary 2 times a year.\\r\\nMonth 13th salary.\\r\\nBonus base on performance.\", \"id\": 1, \"name\": \"L\u01b0\u01a1ng\"}, {\"description\": \"Career path promotional opportunities.\", \"id\": 4, \"name\": \"C\u01a1 h\u1ed9i\"}, {\"description\": \"Labor contract, insurance, annual days off are based on Vietnamese law.\", \"id\": 8, \"name\": \"Ph\u00fac l\u1ee3i\"}, {\"description\": \"Birthday party, Welcome party Team building events or monthly company party.\\r\\nCompany trip each year.\", \"id\": 11, \"name\": \"Ho\u1ea1t \u0111\u1ed9ng\"}, {\"description\": \"40 hour work weeks (8:00-17:30, Mon-Fri).\", \"id\": 7, \"name\": \"Th\u1eddi gian\"}, {\"description\": \"14 days of vacation per year.\", \"id\": 8, \"name\": \"Ph\u00fac l\u1ee3i\"}]"}}, {"model": "jobsite.job", "pk": 9, "fields": {"name": "Th\u1ef1c t\u1eadp h\u00e8 - Ch\u01b0\u01a1ng tr\u00ecnh d\u00e0nh ri\u00eang cho Sinh Vi\u00ean UIT", "created_by": "Nguy\u1ec5n Thanh Li\u00eam", "created_at": "2017-05-17T17:27:47.278Z", "updated_at": "2017-05-24T04:43:28.237Z", "expired_at": "2017-05-24T17:23:38Z", "is_full_time": false, "company": 4, "company_address": "Saigon Hi-Tech Park, Dist 9, T\u0103ng Nh\u01a1n Ph\u00fa A, Qu\u1eadn 9, H\u1ed3 Ch\u00ed Minh, Vietnam", "company_district": 778, "company_name": "FPT Software", "company_slug": "fpt", "company_type": 2, "company_logo": "logo/fpt_logo.jpg", "company_size": 10000, "company_apply_link": "https://goo.gl/9Pqf5y", "how_to_apply": "\u0110\u0103ng k\u00fd t\u1ea1i \u0111\u01b0\u1eddng link: https://goo.gl/9Pqf5y ho\u1eb7c g\u1eedi CV + B\u1ea3ng \u0111i\u1ec3m v\u1ec1 email: ngocnh7@fsoft.com.vn", "description": "20 Internships - Software Engineer at Training Department\r\nTh\u1eddi gian th\u1ef1c t\u1eadp: 7/6/2017 \u2013 7/8/2017", "_skills": "[{\"description\": \"\", \"id\": 7, \"name\": \"Java\"}, {\"description\": \"\", \"id\": 8, \"name\": \"C plus plus\"}, {\"description\": \"\", \"id\": 39, \"name\": \"C\"}]", "_benefits": "[{\"description\": \"\u0110\u01b0\u1ee3c \u0111\u00e0o t\u1ea1o k\u1ef9 n\u0103ng chuy\u00ean m\u00f4n, k\u1ef9 n\u0103ng m\u1ec1m b\u00e0i b\u1ea3n, c\u00f3 c\u01a1 h\u1ed9i \u0111\u01b0\u1ee3c \\\"chinh chi\u1ebfn\\\" c\u00f9ng nhi\u1ec1u nh\u00f3m d\u1ef1 \u00e1n th\u1ef1c t\u1ebf\", \"id\": 5, \"name\": \"Ki\u1ebfn th\u1ee9c\"}, {\"description\": \"\u0110\u01b0\u1ee3c l\u00e0m vi\u1ec7c trong m\u00f4i tr\u01b0\u1eddng th\u00e2n thi\u1ec7n, chuy\u00ean nghi\u1ec7p\\r\\nS\u1eed d\u1ee5ng s\u00e2n b\u00f3ng \u0111\u00e1, b\u00f3ng r\u1ed5, b\u00f3ng chuy\u1ec1n, c\u1ea7u l\u00f4ng, ph\u00f2ng t\u1eadp gym mi\u1ec5n ph\u00ed\", \"id\": 6, \"name\": \"M\u00f4i tr\u01b0\u1eddng\"}, {\"description\": \"\u0102n, ch\u01a1i, ng\u1ee7, tham gia c\u00e1c ho\u1ea1t \u0111\u1ed9ng mang \u0111\u1eadm d\u1ea5u \u1ea5n FSoft\", \"id\": 11, \"name\": \"Ho\u1ea1t \u0111\u1ed9ng\"}, {\"description\": \"S\u1edf h\u1eefu c\u01a1 h\u1ed9i tr\u1edf th\u00e0nh nh\u00e2n vi\u00ean ch\u00ednh th\u1ee9c sau th\u1eddi gian th\u1ef1c t\u1eadp\", \"id\": 4, \"name\": \"C\u01a1 h\u1ed9i\"}]"}}, {"model": "jobsite.job", "pk": 11, "fields": {"name": "Web Developer", "created_by": "Nguy\u1ec5n Thanh Li\u00eam", "created_at": "2017-05-17T17:39:34.988Z", "updated_at": "2017-05-24T04:43:24.775Z", "expired_at": "2017-05-30T17:39:25Z", "is_full_time": true, "company": 8, "company_address": "320/12 Tr\u01b0\u1eddng Chinh, ph\u01b0\u1eddng 13, qu\u1eadn T\u00e2n B\u00ecnh", "company_district": 766, "company_name": "BeeSight Soft", "company_slug": "beesight", "company_type": 2, "company_logo": "logo/beesight.png", "company_size": 150, "company_apply_link": null, "how_to_apply": "Apply to hr@beesightsoft.com (includes: Transcrip and your information)", "description": "Willing able to learn new things and hard-working; \r\nMinimum 30hrs/week with allowance 2M/month.", "_skills": "[{\"description\": \"\", \"id\": 40, \"name\": \"RESTful\"}, {\"description\": \"\", \"id\": 41, \"name\": \"Bootstrap\"}, {\"description\": \"\", \"id\": 42, \"name\": \"AngularJS\"}, {\"description\": \"\", \"id\": 43, \"name\": \"jQuery\"}, {\"description\": \"\", \"id\": 4, \"name\": \"CSS\"}, {\"description\": \"\", \"id\": 3, \"name\": \"HTML\"}, {\"description\": \"\", \"id\": 1, \"name\": \"PHP\"}, {\"description\": \"\", \"id\": 44, \"name\": \"NodeJS\"}, {\"description\": \"\", \"id\": 45, \"name\": \"CMS\"}]", "_benefits": "[]"}}, {"model": "jobsite.job", "pk": 12, "fields": {"name": "Mobile Developer", "created_by": "Nguy\u1ec5n Thanh Li\u00eam", "created_at": "2017-05-17T17:42:57.097Z", "updated_at": "2017-05-24T04:43:20.517Z", "expired_at": "2017-05-30T17:39:54Z", "is_full_time": false, "company": 8, "company_address": "320/12 Tr\u01b0\u1eddng Chinh, ph\u01b0\u1eddng 13, qu\u1eadn T\u00e2n B\u00ecnh", "company_district": 766, "company_name": "BeeSight Soft", "company_slug": "beesight", "company_type": 2, "company_logo": "logo/beesight.png", "company_size": 150, "company_apply_link": "https://beesightsoft.com/", "how_to_apply": "Apply to hr@beesightsoft.com (includes: Transcrip and your information)", "description": "Willing able to learn new things and hard-working; \r\nMinimum 30hrs/week with allowance 2M/month.", "_skills": "[{\"description\": \"Knowledge or experience with Android development\", \"id\": 47, \"name\": \"Android\"}, {\"description\": \"Knowledge or experience with IOS development.\", \"id\": 48, \"name\": \"iOS\"}, {\"description\": \"Consuming web service/APIs(Facebook, Twitter, Google Maps..)\", \"id\": 49, \"name\": \"API\"}]", "_benefits": "[]"}}, {"model": "jobsite.job", "pk": 13, "fields": {"name": "Mobile-Web Automation Test (Appium/ Selenium)", "created_by": "Nguy\u1ec5n Thanh Li\u00eam", "created_at": "2017-05-17T17:46:21.587Z", "updated_at": "2017-05-24T04:43:18.489Z", "expired_at": "2017-05-30T17:43:46Z", "is_full_time": false, "company": 8, "company_address": "320/12 Tr\u01b0\u1eddng Chinh, ph\u01b0\u1eddng 13, qu\u1eadn T\u00e2n B\u00ecnh", "company_district": 766, "company_name": "BeeSight Soft", "company_slug": "beesight", "company_type": 2, "company_logo": "logo/beesight.png", "company_size": 150, "company_apply_link": "https://beesightsoft.com/", "how_to_apply": "Apply to hr@beesightsoft.com (includes: Transcrip and your information)", "description": "Willing able to learn new things and hard-working; \r\nMinimum 30hrs/week with allowance 2M/month.", "_skills": "[{\"description\": \"Work with QA Lead in QA automation planning, development and monitoring.\", \"id\": 50, \"name\": \"QA\"}]", "_benefits": "[]"}}, {"model": "jobsite.job", "pk": 14, "fields": {"name": "Junior/Fresher Frontend Web Developper", "created_by": "Nguy\u1ec5n Thanh Li\u00eam", "created_at": "2017-05-17T17:58:05.495Z", "updated_at": "2017-05-24T04:43:17.310Z", "expired_at": "2017-06-17T17:54:15Z", "is_full_time": true, "company": 9, "company_address": "549, \u0110i\u1ec7n Bi\u00ean Ph\u1ee7, Qu\u1eadn 3", "company_district": 770, "company_name": "NHN Entertainment", "company_slug": "nhn", "company_type": 1, "company_logo": "logo/nhn.png", "company_size": 300, "company_apply_link": "http://www.nhnent.com/index.jsp", "how_to_apply": "Please send me your updated CV via email thanhtruc.vongoc@nhnent.com if you are interested in this position or add my skype: trucvo26 for more information.", "description": "Create responsive web design in HTML and CSS based on photoshop (.psd files) designs or existing websites\r\nPerform maintenance and updates on existing client's CSS and HTML designs\r\nDevelop web applications", "_skills": "[{\"description\": \"Strong knowledge\", \"id\": 3, \"name\": \"HTML\"}, {\"description\": \"Strong knowledge\", \"id\": 4, \"name\": \"CSS\"}, {\"description\": \"\", \"id\": 51, \"name\": \"Responsive web design\"}, {\"description\": \"\", \"id\": 5, \"name\": \"Javascript\"}, {\"description\": \"\", \"id\": 43, \"name\": \"jQuery\"}, {\"description\": \"\", \"id\": 7, \"name\": \"Java\"}, {\"description\": \"\", \"id\": 52, \"name\": \"OOP\"}, {\"description\": \"\", \"id\": 53, \"name\": \"MVC\"}, {\"description\": \"\", \"id\": 41, \"name\": \"Bootstrap\"}]", "_benefits": "[]"}}, {"model": "jobsite.job", "pk": 15, "fields": {"name": "NashTech Direct Entry", "created_by": "Nguy\u1ec5n Thanh Li\u00eam", "created_at": "2017-05-17T18:07:11.924Z", "updated_at": "2017-05-24T04:43:14.357Z", "expired_at": "2017-06-29T18:07:05Z", "is_full_time": false, "company": 10, "company_address": "364 C\u1ed9ng H\u00f2a, qu\u1eadn T\u00e2n B\u00ecnh", "company_district": 766, "company_name": "NashTech", "company_slug": "nashtech", "company_type": 2, "company_logo": "logo/nashtech-logo.png", "company_size": 300, "company_apply_link": "https://goo.gl/forms/YmszRvnMILMvsxu03", "how_to_apply": "C\u00f4ng ty s\u1ebd t\u1ed5 ch\u1ee9c bu\u1ed5i Open Day v\u00e0o ng\u00e0y 17/05 v\u00e0 31/05 \u0111\u1ec3 test & interview t\u1eadp trung.\r\nLink \u0111\u0103ng k\u00fd tham d\u1ef1: https://goo.gl/forms/YmszRvnMILMvsxu03", "description": "NashTech Direct Entry l\u00e0 ch\u01b0\u01a1ng tr\u00ecnh \u0111\u00e0o t\u1ea1o v\u00e0 ph\u00e1t tri\u1ec3n nh\u00e2n t\u00e0i d\u00e0nh ri\u00eang cho c\u00e1c b\u1ea1n sinh vi\u00ean IT m\u1edbi ho\u1eb7c s\u1eafp ra tr\u01b0\u1eddng, gi\u00fap c\u00e1c b\u1ea1n trang b\u1ecb c\u00e1c ki\u1ebfn th\u1ee9c v\u00e0 k\u1ef9 n\u0103ng ph\u00f9 h\u1ee3p \u0111\u1ec3 ph\u00e1t tri\u1ec3n ngh\u1ec1 nghi\u1ec7p.\r\nTh\u1eddi gian: 01 th\u00e1ng - B\u1eaft \u0111\u1ea7u t\u1eeb th\u00e1ng 06/2017.\r\n\u0110\u1ed1i t\u01b0\u1ee3ng tham d\u1ef1: C\u00e1c b\u1ea1n sinh vi\u00ean IT m\u1edbi ho\u1eb7c s\u1eafp ra tr\u01b0\u1eddng, c\u00f3 th\u1ec3 \u0111i l\u00e0m to\u00e0n th\u1eddi gian b\u1eaft \u0111\u1ea7u t\u1eeb th\u00e1ng 07/2017.", "_skills": "[{\"description\": \"\", \"id\": 7, \"name\": \"Java\"}, {\"description\": \"\", \"id\": 54, \"name\": \"Front-end\"}, {\"description\": \"\", \"id\": 56, \"name\": \"QC\"}, {\"description\": \"\", \"id\": 57, \"name\": \"Linux\"}, {\"description\": \"\", \"id\": 58, \"name\": \"Apache\"}, {\"description\": \"\", \"id\": 2, \"name\": \"MySQL\"}, {\"description\": \"\", \"id\": 1, \"name\": \"PHP\"}]", "_benefits": "[{\"description\": \"Sau khi tr\u1ea3i qua m\u1ed9t th\u00e1ng training c\u1ee7a ch\u01b0\u01a1ng tr\u00ecnh Direct Entry v\u00e0 \u0111\u1eb7t b\u00fat k\u00fd h\u1ee3p \u0111\u1ed3ng tr\u1edf th\u00e0nh m\u1ed9t Nasher, m\u1ee9c l\u01b0\u01a1ng c\u00f3 th\u1ec3 ch\u00eanh l\u1ec7ch tu\u1ef3 v\u00e0o n\u0103ng l\u1ef1c c\u00e1 nh\u00e2n, nh\u01b0ng \u0111\u1ea3m b\u1ea3o thu nh\u1eadp c\u1ee7a c\u00e1c b\u1ea1n s\u1ebd kh\u00f4ng d\u01b0\u1edbi 10.000.000 VN\u0110!\", \"id\": 1, \"name\": \"L\u01b0\u01a1ng\"}]"}}, {"model": "jobsite.job", "pk": 26, "fields": {"name": "Game Development Fresher 2017", "created_by": "Ph\u1ea1m H\u1eefu Danh", "created_at": "2017-05-20T04:05:28.284Z", "updated_at": "2017-05-24T04:51:41.966Z", "expired_at": "2017-05-31T05:00:00Z", "is_full_time": false, "company": 1, "company_address": "Tr\u1ee5 s\u1edf ch\u00ednh (Flemington), 182 L\u00ea \u0110\u1ea1i H\u00e0nh, Ph\u01b0\u1eddng 15, Qu\u1eadn 11.", "company_district": 771, "company_name": "VNG Corporation", "company_slug": "vng", "company_type": 1, "company_logo": "logo/vng-logo.png", "company_size": 2000, "company_apply_link": "https://career.vng.com.vn/danh-cho-sinh-vien/13-chuong-trinh-vng-fresher#E434.PFRESHER", "how_to_apply": "Nh\u1eadn CV \u1ee9ng tuy\u1ec3n: T\u1eeb 5/5 \u0111\u1ebfn 31/5/2017.\r\nKi\u1ec3m tra ki\u1ebfn th\u1ee9c & ph\u1ecfng v\u1ea5n: d\u1ef1 ki\u1ebfn tu\u1ea7n th\u1ee9 2, th\u00e1ng 6/2017.\r\n\u01afu ti\u00ean c\u00e1c b\u1ea1n \u0111\u00e3 t\u1eebng l\u00e0m c\u00e1c d\u1ef1 \u00e1n/b\u00e0i t\u1eadp l\u1edbn v\u1ec1 game v\u00e0 g\u1eedi k\u00e8m c\u00e1c t\u00e0i li\u1ec7u c\u1ea7n thi\u1ebft.", "description": "Tham gia nghi\u00ean c\u1ee9u v\u00e0 l\u1eadp tr\u00ecnh ph\u00e1t tri\u1ec3n game.\r\nPh\u1ed1i h\u1ee3p v\u1edbi c\u00e1c b\u1ed9 ph\u1eadn kh\u00e1c bi\u1ebfn c\u00e1c \u00fd t\u01b0\u1edfng game th\u00e0nh nh\u1eefng s\u1ea3n ph\u1ea9m th\u1ef1c t\u1ebf.", "_skills": "[{\"description\": \"Sinh vi\u00ean n\u0103m cu\u1ed1i/k\u1ebf cu\u1ed1i ho\u1eb7c v\u1eeba t\u1ed1t nghi\u1ec7p, chuy\u00ean ng\u00e0nh CNTT, t\u1ea1i c\u00e1c tr\u01b0\u1eddng \u0110\u1ea1i h\u1ecdc trong v\u00e0 ngo\u00e0i n\u01b0\u1edbc.\", \"id\": 9, \"name\": \"N\u0103m 3 tr\u1edf l\u00ean\"}, {\"description\": \"Th\u00e0nh t\u00edch h\u1ecdc t\u1eadp Kh\u00e1, T\u1ed1t.\", \"id\": 25, \"name\": \"\u0110TB 7 tr\u1edf l\u00ean\"}, {\"description\": \"N\u1eafm v\u1eefng ki\u1ebfn th\u1ee9c n\u1ec1n t\u1ea3ng v\u1ec1 c\u1ea5u tr\u00fac d\u1eef li\u1ec7u, gi\u1ea3i thu\u1eadt & thu\u1eadt to\u00e1n.\", \"id\": 11, \"name\": \"OOP v\u00e0 CTDL&GT\"}, {\"description\": \"N\u1eafm v\u1eefng ki\u1ebfn th\u1ee9c n\u1ec1n t\u1ea3ng c\u00e1c ng\u00f4n ng\u1eef l\u1eadp tr\u00ecnh C++, Java v\u00e0 C#.\", \"id\": 8, \"name\": \"C plus plus\"}, {\"description\": \"C\u00f3 k\u0129 n\u0103ng s\u1eed d\u1ee5ng c\u00e1c game engine th\u00f4ng d\u1ee5ng nh\u01b0 Unity, Coscod2x... l\u00e0 m\u1ed9t \u01b0u th\u1ebf\", \"id\": 59, \"name\": \"Unity\"}, {\"description\": \"C\u00f3 k\u0129 n\u0103ng s\u1eed d\u1ee5ng c\u00e1c game engine th\u00f4ng d\u1ee5ng nh\u01b0 Unity, Coscod2x... l\u00e0 m\u1ed9t \u01b0u th\u1ebf\", \"id\": 60, \"name\": \"cocos2dx\"}]", "_benefits": "[{\"description\": \"Thu nh\u1eadp h\u1ea5p d\u1eabn v\u00e0 nhi\u1ec1u h\u1ed7 tr\u1ee3 kh\u00e1c.\", \"id\": 1, \"name\": \"L\u01b0\u01a1ng\"}, {\"description\": \"C\u01a1 h\u1ed9i tr\u1edf th\u00e0nh Game Developer ch\u00ednh th\u1ee9c t\u1ea1i VNG.\", \"id\": 4, \"name\": \"C\u01a1 h\u1ed9i\"}, {\"description\": \"\u0110\u01b0\u1ee3c \u0111\u00e0o t\u1ea1o b\u00e0i b\u1ea3n v\u1ec1 chuy\u00ean m\u00f4n v\u00e0 l\u00e0m vi\u1ec7c th\u1ef1c t\u1ebf trong c\u00e1c d\u1ef1 \u00e1n game h\u00e0ng ch\u1ee5c tri\u1ec7u ng\u01b0\u1eddi ch\u01a1i.\\r\\n\u0110\u01b0\u1ee3c h\u1ecdc h\u1ecfi t\u1eeb c\u00e1c chuy\u00ean gia h\u00e0ng \u0111\u1ea7u trong ng\u00e0nh game.\", \"id\": 5, \"name\": \"Ki\u1ebfn th\u1ee9c\"}]"}}, {"model": "jobsite.job", "pk": 27, "fields": {"name": "Mobile Developer Internship (Android)", "created_by": "Nguy\u1ec5n Tri Sinh", "created_at": "2017-05-20T04:12:03.418Z", "updated_at": "2017-05-24T04:51:46.686Z", "expired_at": "2017-05-31T04:07:54Z", "is_full_time": false, "company": 1, "company_address": "Tr\u1ee5 s\u1edf ch\u00ednh (Flemington), 182 L\u00ea \u0110\u1ea1i H\u00e0nh, Ph\u01b0\u1eddng 15, Qu\u1eadn 11.", "company_district": 771, "company_name": "VNG Corporation", "company_slug": "vng", "company_type": 1, "company_logo": "logo/vng-logo.png", "company_size": 2000, "company_apply_link": "https://career.vng.com.vn/danh-cho-sinh-vien/14-chuong-trinh-vng-internship#E441.PINTERNSHIP", "how_to_apply": "", "description": "Ph\u00e1t tri\u1ec3n v\u00e0 nghi\u00ean c\u1ee9u c\u00e1c \u1ee9ng d\u1ee5ng n\u1eb1m trong h\u1ec7 sinh th\u00e1i 123cs. \r\nTham gia ph\u00e1t tri\u1ec3n v\u00e0 nghi\u00ean c\u1ee9u c\u00e1c \u1ee9ng d\u1ee5ng tr\u00ean n\u1ec1n android b\u1eb1ng java.", "_skills": "[{\"description\": \"N\u1eafm v\u1eefng c\u00e1c ki\u1ebfn th\u1ee9c n\u1ec1n t\u1ea3ng\", \"id\": 8, \"name\": \"C plus plus\"}, {\"description\": \"N\u1eafm v\u1eefng ki\u1ebfn th\u1ee9c n\u1ec1n t\u1ea3ng\", \"id\": 24, \"name\": \"C Sharp\"}, {\"description\": \"N\u1eafm v\u1eefng ki\u1ebfn th\u1ee9c n\u1ec1n t\u1ea3ng\", \"id\": 7, \"name\": \"Java\"}, {\"description\": \"\u0110\u00e3 th\u1ef1c hi\u1ec7n 1 d\u1ef1 \u00e1n th\u1ef1c t\u1ebf l\u00e0 m\u1ed9t l\u1ee3i th\u1ebf\", \"id\": 61, \"name\": \"\u0110\u1ed3 \u00e1n Mobile\"}, {\"description\": \"C\u00f3 t\u01b0 duy logic r\u00f5 r\u00e0ng\", \"id\": 27, \"name\": \"Logic t\u1ed1t\"}, {\"description\": \"C\u00f3 kh\u1ea3 n\u0103ng h\u1ecdc h\u1ecfi nhanh, tinh th\u1ea7n c\u1ea7u ti\u1ebfn, kh\u00f4ng ng\u1ea1i th\u1eed th\u00e1ch.\", \"id\": 28, \"name\": \"Th\u00e1i \u0111\u1ed9 t\u1ed1t\"}]", "_benefits": "[{\"description\": \"Thu nh\u1eadp h\u1ea5p d\u1eabn\", \"id\": 1, \"name\": \"L\u01b0\u01a1ng\"}, {\"description\": \"\u0110\u01b0\u1ee3c s\u1eed d\u1ee5ng mi\u1ec5n ph\u00ed ph\u00f2ng gym hi\u1ec7n \u0111\u1ea1i v\u00e0 c\u00e1c ho\u1ea1t \u0111\u1ed9ng th\u1ec3 d\u1ee5c, th\u1ec3 thao: c\u1ea7u l\u00f4ng, tennis, b\u01a1i l\u1ed9i,\u2026\", \"id\": 3, \"name\": \"S\u1ee9c kho\u1ebb\"}, {\"description\": \"S\u1edf h\u1eefu c\u01a1 h\u1ed9i tr\u1edf th\u00e0nh nh\u00e2n vi\u00ean ch\u00ednh th\u1ee9c t\u1ea1i VNG.\", \"id\": 4, \"name\": \"C\u01a1 h\u1ed9i\"}, {\"description\": \"\u0110\u01b0\u1ee3c h\u1ecdc h\u1ecfi t\u1eeb c\u00e1c chuy\u00ean gia h\u00e0ng \u0111\u1ea7u trong ng\u00e0nh Internet.\\r\\n\u0110\u01b0\u1ee3c \u0111\u00e0o t\u1ea1o b\u00e0i b\u1ea3n v\u1ec1 chuy\u00ean m\u00f4n v\u00e0 l\u00e0m vi\u1ec7c th\u1ef1c t\u1ebf trong c\u00e1c s\u1ea3n ph\u1ea9m h\u00e0ng ch\u1ee5c tri\u1ec7u s\u1eed d\u1ee5ng.\", \"id\": 5, \"name\": \"Ki\u1ebfn th\u1ee9c\"}]"}}, {"model": "jobsite.job", "pk": 28, "fields": {"name": "UX Design Fresher - Zalo", "created_by": "Ph\u1ea1m H\u1eefu Danh", "created_at": "2017-05-20T04:14:41.112Z", "updated_at": "2017-05-24T04:51:48.072Z", "expired_at": "2017-05-31T05:00:00Z", "is_full_time": false, "company": 1, "company_address": "Tr\u1ee5 s\u1edf ch\u00ednh (Flemington), 182 L\u00ea \u0110\u1ea1i H\u00e0nh, Ph\u01b0\u1eddng 15, Qu\u1eadn 11.", "company_district": 771, "company_name": "VNG Corporation", "company_slug": "vng", "company_type": 1, "company_logo": "logo/vng-logo.png", "company_size": 2000, "company_apply_link": "https://career.vng.com.vn/danh-cho-sinh-vien/13-chuong-trinh-vng-fresher#E448.PFRESHERhttps://career.vng.com.vn/danh-cho-sinh-vien/13-chuong-trinh-vng-fresher#E448.PFRESHER", "how_to_apply": "", "description": "Tham gia v\u00e0o vi\u1ec7c nghi\u00ean c\u1ee9u v\u00e0 \u0111\u01b0a ra c\u00e1c gi\u1ea3i ph\u00e1p thi\u1ebft k\u1ebf UX (user experience) cho c\u00e1c t\u00ednh n\u0103ng c\u1ee7a s\u1ea3n ph\u1ea9m \u0111\u1ec3 \u0111\u00e1p \u1ee9ng nhu c\u1ea7u c\u1ee7a ng\u01b0\u1eddi d\u00f9ng.\r\nTham gia ph\u00e2n t\u00edch \u00fd ki\u1ebfn ph\u1ea3n h\u1ed3i c\u1ee7a ng\u01b0\u1eddi d\u00f9ng, s\u1ed1 li\u1ec7u th\u1ed1ng k\u00ea \u0111\u1ec3 n\u1eafm b\u1eaft khuynh h\u01b0\u1edbng v\u00e0 h\u00e0nh vi ng\u01b0\u1eddi d\u00f9ng nh\u1eb1m \u0111\u01b0a ra c\u00e1c gi\u1ea3i ph\u00e1p c\u1ea3i thi\u1ec7n ph\u00f9 h\u1ee3p v\u1edbi \u0111\u1ecbnh v\u1ecb s\u1ea3n ph\u1ea9m.\r\nPh\u1ed1i h\u1ee3p v\u1edbi team ph\u00e1t tri\u1ec3n k\u1ef9 thu\u1eadt (engineering) \u0111\u1ec3 theo d\u00f5i ti\u1ebfn \u0111\u1ed9 th\u1ef1c hi\u1ec7n c\u00e1c t\u00ednh n\u0103ng & \u0111\u01b0a ra ph\u1ea3n h\u1ed3i trong qu\u00e1 tr\u00ecnh x\u00e2y d\u1ef1ng s\u1ea3n ph\u1ea9m.", "_skills": "[{\"description\": \"\u0110ang l\u00e0 sinh vi\u00ean n\u0103m cu\u1ed1i ho\u1eb7c v\u1eeba t\u1ed1t nghi\u1ec7p ng\u00e0nh Khoa H\u1ecdc M\u00e1y T\u00ednh, C\u00f4ng Ngh\u1ec7 Th\u00f4ng Tin & H\u1ec7 th\u1ed1ng th\u00f4ng tin. \\r\\nC\u00f3 th\u1ec3 \u0111i l\u00e0m fulltime ch\u1eadm nh\u1ea5t l\u00e0 6 th\u00e1ng k\u1ec3 t\u1eeb khi b\u1eaft \u0111\u1ea7u ch\u01b0\u01a1ng tr\u00ecnh VNG Fresher.\", \"id\": 26, \"name\": \"N\u0103m cu\u1ed1i\"}, {\"description\": \"C\u00f3 kh\u1ea3 n\u0103ng \u0111\u1ecdc v\u00e0 nghi\u00ean c\u1ee9u t\u00e0i li\u1ec7u b\u1eb1ng ti\u1ebfng Anh.\", \"id\": 10, \"name\": \"Ti\u1ebfng Anh t\u1ed1t\"}, {\"description\": \"C\u00f3 kh\u1ea3 n\u0103ng giao ti\u1ebfp t\u1ed1t, tr\u00ecnh b\u00e0y v\u00e0 di\u1ec5n \u0111\u1ea1t r\u00f5 r\u00e0ng.\", \"id\": 29, \"name\": \"K\u1ef9 n\u0103ng m\u1ec1m\"}, {\"description\": \"C\u00f3 \u0111\u1ed3 \u00e1n/d\u1ef1 \u00e1n th\u1ef1c t\u1ebf l\u00e0m v\u1ec1 s\u1ea3n ph\u1ea9m Mobile l\u00e0 m\u1ed9t l\u1ee3i th\u1ebf l\u1edbn.\", \"id\": 61, \"name\": \"\u0110\u1ed3 \u00e1n Mobile\"}]", "_benefits": "[{\"description\": \"Thu nh\u1eadp h\u1ea5p d\u1eabn v\u00e0 nhi\u1ec1u h\u1ed7 tr\u1ee3 kh\u00e1c.\", \"id\": 1, \"name\": \"L\u01b0\u01a1ng\"}, {\"description\": \"\u0110\u01b0\u1ee3c h\u1ed7 tr\u1ee3 c\u01a1m tr\u01b0a.\", \"id\": 2, \"name\": \"\u0102n u\u1ed1ng\"}, {\"description\": \"\u0110\u01b0\u1ee3c h\u1ecdc h\u1ecfi t\u1eeb c\u00e1c chuy\u00ean gia h\u00e0ng \u0111\u1ea7u trong ng\u00e0nh internet.\\r\\nTham gia l\u00e0m vi\u1ec7c trong c\u00e1c s\u1ea3n ph\u1ea9m th\u1ef1c t\u1ebf v\u1edbi h\u00e0ng ch\u1ee5c tri\u1ec7u ng\u01b0\u1eddi s\u1eed d\u1ee5ng.\", \"id\": 5, \"name\": \"Ki\u1ebfn th\u1ee9c\"}, {\"description\": \"S\u1edf h\u1eefu c\u01a1 h\u1ed9i tr\u1edf th\u00e0nh nh\u00e2n vi\u00ean ch\u00ednh th\u1ee9c c\u1ee7a VNG sau th\u1eddi gian tham gia ch\u01b0\u01a1ng tr\u00ecnh.\", \"id\": 4, \"name\": \"C\u01a1 h\u1ed9i\"}]"}}, {"model": "jobsite.job", "pk": 29, "fields": {"name": "Frontend Website Developer Internship TALK", "created_by": "Nguy\u1ec5n Tri Sinh", "created_at": "2017-05-20T04:41:17.410Z", "updated_at": "2017-05-24T04:51:49.620Z", "expired_at": "2017-05-31T04:35:20Z", "is_full_time": false, "company": 1, "company_address": "Tr\u1ee5 s\u1edf ch\u00ednh (Flemington), 182 L\u00ea \u0110\u1ea1i H\u00e0nh, Ph\u01b0\u1eddng 15, Qu\u1eadn 11.", "company_district": 771, "company_name": "VNG Corporation", "company_slug": "vng", "company_type": 1, "company_logo": "logo/vng-logo.png", "company_size": 2000, "company_apply_link": "https://career.vng.com.vn/danh-cho-sinh-vien/14-chuong-trinh-vng-internship#E437.PINTERNSHIP", "how_to_apply": "", "description": "Ph\u00e1t tri\u1ec3n web app mobile cho TalkTV.\r\nPh\u00e1t tri\u1ec3n t\u00ednh n\u0103ng v\u1ec1 Frontend cho web TalkTV.\r\nX\u00e2y d\u1ef1ng c\u00e1c mainsite, landing page cho s\u1ea3n ph\u1ea9m.", "_skills": "[{\"description\": \"C\u00f3 ki\u1ebfn th\u1ee9c v\u1ec1 PHP\", \"id\": 1, \"name\": \"PHP\"}, {\"description\": \"C\u00f3 ki\u1ebfn th\u1ee9c n\u1ec1n t\u1ea3ng v\u1ec1 MySQL\", \"id\": 2, \"name\": \"MySQL\"}, {\"description\": \"C\u00f3 ki\u1ebfn th\u1ee9c v\u1ec1 HTML\", \"id\": 3, \"name\": \"HTML\"}, {\"description\": \"C\u00f3 ki\u1ebfn th\u1ee9c v\u1ec1 CSS\", \"id\": 4, \"name\": \"CSS\"}, {\"description\": \"C\u00f3 ki\u1ebfn th\u1ee9c v\u1ec1 js\", \"id\": 5, \"name\": \"Javascript\"}, {\"description\": \"\", \"id\": 51, \"name\": \"Responsive web design\"}, {\"description\": \"\u01afu ti\u00ean c\u00e1c b\u1ea1n sinh vi\u00ean \u0111\u00e3 t\u1eebng tham gia c\u00e1c d\u1ef1 \u00e1n PHP/Python.\", \"id\": 6, \"name\": \"Python\"}, {\"description\": \"Ch\u1ecbu kh\u00f3 h\u1ecdc h\u1ecfi, \u00e1p l\u1ef1c c\u00f4ng vi\u1ec7c cao.\\r\\nC\u00f3 h\u1ee9ng th\u00fa trong vi\u1ec7c ph\u00e1t tri\u1ec3n Frontend cho website\", \"id\": 28, \"name\": \"Th\u00e1i \u0111\u1ed9 t\u1ed1t\"}]", "_benefits": "[{\"description\": \"Thu nh\u1eadp h\u1ea5p d\u1eabn\", \"id\": 1, \"name\": \"L\u01b0\u01a1ng\"}, {\"description\": \"\u0110\u01b0\u1ee3c s\u1eed d\u1ee5ng mi\u1ec5n ph\u00ed ph\u00f2ng gym hi\u1ec7n \u0111\u1ea1i v\u00e0 c\u00e1c ho\u1ea1t \u0111\u1ed9ng th\u1ec3 d\u1ee5c, th\u1ec3 thao: c\u1ea7u l\u00f4ng, tennis, b\u01a1i l\u1ed9i,\u2026\", \"id\": 3, \"name\": \"S\u1ee9c kho\u1ebb\"}, {\"description\": \"H\u1ed7 tr\u1ee3 c\u01a1m tr\u01b0a, tr\u00e0 caf\u00e9 mi\u1ec5n ph\u00ed\", \"id\": 10, \"name\": \"\u0102n u\u1ed1ng\"}, {\"description\": \"S\u1edf h\u1eefu c\u01a1 h\u1ed9i tr\u1edf th\u00e0nh nh\u00e2n vi\u00ean ch\u00ednh th\u1ee9c t\u1ea1i VNG.\", \"id\": 4, \"name\": \"C\u01a1 h\u1ed9i\"}, {\"description\": \"\u0110\u01b0\u1ee3c h\u1ecdc h\u1ecfi t\u1eeb c\u00e1c chuy\u00ean gia h\u00e0ng \u0111\u1ea7u trong ng\u00e0nh Internet.\\r\\n\u0110\u01b0\u1ee3c \u0111\u00e0o t\u1ea1o b\u00e0i b\u1ea3n v\u1ec1 chuy\u00ean m\u00f4n v\u00e0 l\u00e0m vi\u1ec7c th\u1ef1c t\u1ebf trong c\u00e1c s\u1ea3n ph\u1ea9m h\u00e0ng ch\u1ee5c tri\u1ec7u s\u1eed d\u1ee5ng.\", \"id\": 5, \"name\": \"Ki\u1ebfn th\u1ee9c\"}]"}}, {"model": "jobsite.job", "pk": 30, "fields": {"name": "Fresher Program: PHP Engineer", "created_by": "Nguy\u1ec5n Tri Sinh", "created_at": "2017-05-20T05:11:50.021Z", "updated_at": "2017-05-24T04:42:58.969Z", "expired_at": "2017-06-20T05:03:33Z", "is_full_time": true, "company": 11, "company_address": "2nd Floor Lu Gia Plaza, 70 Lu Gia, W.15, Dist. 11, Ho Chi Minh City, Viet Nam", "company_district": 760, "company_name": "YouNet Corporation", "company_slug": "younet", "company_type": 1, "company_logo": "logo/14495443_1284902564906192_4876069603630089950_n.png", "company_size": 300, "company_apply_link": "https://www.younet.co/vi/fresher-program-php-engineer/", "how_to_apply": "", "description": "Work in social projects with tasks assigned by Project Manager\r\nGet coaching, supervising from Tech Leads", "_skills": "[{\"description\": \"Applicants must hold a university degree [GPA >= 6.5] in computer science, information and communications technology or software engineering\", \"id\": 25, \"name\": \"\u0110TB 7 tr\u1edf l\u00ean\"}, {\"description\": \"Applicants must be good at object-oriented programming concepts. Good knowledge and experience in design patterns; agile development methodology is a plus\", \"id\": 11, \"name\": \"OOP v\u00e0 CTDL&GT\"}, {\"description\": \"Basic knowledge in web development using PHP/mySQL is required\", \"id\": 1, \"name\": \"PHP\"}, {\"description\": \"Previous experience in development tools such as Jira, Wiki, etc. is an advantage\", \"id\": 46, \"name\": \"Kinh nghi\u1ec7m\"}]", "_benefits": "[{\"description\": \"Basic salary, 13th month salary\", \"id\": 1, \"name\": \"L\u01b0\u01a1ng\"}, {\"description\": \"Periodic health examination\", \"id\": 3, \"name\": \"S\u1ee9c kho\u1ebb\"}, {\"description\": \"Company trip each year\", \"id\": 11, \"name\": \"Ho\u1ea1t \u0111\u1ed9ng\"}, {\"description\": \"Team building 4 times each year\", \"id\": 12, \"name\": \"Team Building\"}]"}}, {"model": "jobsite.job", "pk": 31, "fields": {"name": "Associate Business Analyst", "created_by": "Nguy\u1ec5n Tri Sinh", "created_at": "2017-05-20T05:24:25.792Z", "updated_at": "2017-05-24T04:42:53.672Z", "expired_at": "2017-06-08T05:18:35Z", "is_full_time": true, "company": 11, "company_address": "2nd Floor Lu Gia Plaza, 70 Lu Gia, W.15, Dist. 11, Ho Chi Minh City, Viet Nam", "company_district": 760, "company_name": "YouNet Corporation", "company_slug": "younet", "company_type": 1, "company_logo": "logo/14495443_1284902564906192_4876069603630089950_n.png", "company_size": 300, "company_apply_link": "https://www.younet.co/vi/associate-business-analyst/", "how_to_apply": "", "description": "Analyze feature list, have to research the product trends and products from other competitors\r\nDraw mockup for the product\r\nDraw some diagram (workflow diagram, state chart, use case diagram, etc) if need\r\nWork closely with designer to finalize the mockup and design\r\nWork closely with development team to transfer ideas, get feedback of other members\r\nPrepare some materials for product before release: posting, blog, announcement, take screenshots, FAQs\r\nDiscuss with client to gather the requirements\r\nBreak requirements into phases, discuss with PM to have the plan for project\r\nWrite feature list, draw mock up if need\r\nCreate specification\r\nWork closely with developer to transfer ideas, get feedback of other members\r\nWork closely with clients to get new requirements if any\r\nAssist PM on requirement sign off process", "_skills": "[{\"description\": \"English: Fluent English to be able to communicate directly with customers\", \"id\": 10, \"name\": \"Ti\u1ebfng Anh t\u1ed1t\"}, {\"description\": \"Soft skill: communication, logical thinking, analytical, problem solving, decision-making, negotiation and persuasion skill.\", \"id\": 29, \"name\": \"K\u1ef9 n\u0103ng m\u1ec1m\"}, {\"description\": \"Obtaining IT knowledge-base\\r\\nHave knowledge about social network (such as Facebook, Google+, Twitter)\\r\\nGeneral understanding and experience of business processes as well as an interest to understand a broad range of business models and needs\", \"id\": 46, \"name\": \"Kinh nghi\u1ec7m\"}, {\"description\": \"Have a proactive, can do attitude.\", \"id\": 28, \"name\": \"Th\u00e1i \u0111\u1ed9 t\u1ed1t\"}]", "_benefits": "[{\"description\": \"Basic salary, 13th month salary\", \"id\": 1, \"name\": \"L\u01b0\u01a1ng\"}, {\"description\": \"Periodic health examination\", \"id\": 3, \"name\": \"S\u1ee9c kho\u1ebb\"}, {\"description\": \"Company trip each year\", \"id\": 11, \"name\": \"Ho\u1ea1t \u0111\u1ed9ng\"}, {\"description\": \"Team building 4 times each year\", \"id\": 12, \"name\": \"Team Building\"}]"}}, {"model": "jobsite.job", "pk": 32, "fields": {"name": "UX Design Fresher (Zalo)", "created_by": "Nguy\u1ec5n Tri Sinh", "created_at": "2017-05-20T05:46:44.853Z", "updated_at": "2017-05-24T04:51:50.836Z", "expired_at": "2017-05-31T05:39:54Z", "is_full_time": false, "company": 1, "company_address": "Tr\u1ee5 s\u1edf ch\u00ednh (Flemington), 182 L\u00ea \u0110\u1ea1i H\u00e0nh, Ph\u01b0\u1eddng 15, Qu\u1eadn 11.", "company_district": 771, "company_name": "VNG Corporation", "company_slug": "vng", "company_type": 1, "company_logo": "logo/vng-logo.png", "company_size": 2000, "company_apply_link": "https://career.vng.com.vn/danh-cho-sinh-vien/13-chuong-trinh-vng-fresher#E448.PFRESHER", "how_to_apply": "", "description": "Tham gia v\u00e0o vi\u1ec7c nghi\u00ean c\u1ee9u v\u00e0 \u0111\u01b0a ra c\u00e1c gi\u1ea3i ph\u00e1p thi\u1ebft k\u1ebf UX (user experience) cho c\u00e1c t\u00ednh n\u0103ng c\u1ee7a s\u1ea3n ph\u1ea9m \u0111\u1ec3 \u0111\u00e1p \u1ee9ng nhu c\u1ea7u c\u1ee7a ng\u01b0\u1eddi d\u00f9ng.\r\nTham gia ph\u00e2n t\u00edch \u00fd ki\u1ebfn ph\u1ea3n h\u1ed3i c\u1ee7a ng\u01b0\u1eddi d\u00f9ng, s\u1ed1 li\u1ec7u th\u1ed1ng k\u00ea \u0111\u1ec3 n\u1eafm b\u1eaft khuynh h\u01b0\u1edbng v\u00e0 h\u00e0nh vi ng\u01b0\u1eddi d\u00f9ng nh\u1eb1m \u0111\u01b0a ra c\u00e1c gi\u1ea3i ph\u00e1p c\u1ea3i thi\u1ec7n ph\u00f9 h\u1ee3p v\u1edbi \u0111\u1ecbnh v\u1ecb s\u1ea3n ph\u1ea9m.\r\nPh\u1ed1i h\u1ee3p v\u1edbi team ph\u00e1t tri\u1ec3n k\u1ef9 thu\u1eadt (engineering) \u0111\u1ec3 theo d\u00f5i ti\u1ebfn \u0111\u1ed9 th\u1ef1c hi\u1ec7n c\u00e1c t\u00ednh n\u0103ng & \u0111\u01b0a ra ph\u1ea3n h\u1ed3i trong qu\u00e1 tr\u00ecnh x\u00e2y d\u1ef1ng s\u1ea3n ph\u1ea9m.", "_skills": "[{\"description\": \"\u0110ang l\u00e0 sinh vi\u00ean n\u0103m cu\u1ed1i ho\u1eb7c v\u1eeba t\u1ed1t nghi\u1ec7p ng\u00e0nh Khoa H\u1ecdc M\u00e1y T\u00ednh, C\u00f4ng Ngh\u1ec7 Th\u00f4ng Tin & H\u1ec7 th\u1ed1ng th\u00f4ng tin. \\r\\nC\u00f3 th\u1ec3 \u0111i l\u00e0m fulltime ch\u1eadm nh\u1ea5t l\u00e0 6 th\u00e1ng k\u1ec3 t\u1eeb khi b\u1eaft \u0111\u1ea7u ch\u01b0\u01a1ng tr\u00ecnh VNG Fresher.\", \"id\": 26, \"name\": \"N\u0103m cu\u1ed1i\"}, {\"description\": \"C\u00f3 kh\u1ea3 n\u0103ng \u0111\u1ecdc v\u00e0 nghi\u00ean c\u1ee9u t\u00e0i li\u1ec7u b\u1eb1ng ti\u1ebfng Anh.\", \"id\": 10, \"name\": \"Ti\u1ebfng Anh t\u1ed1t\"}, {\"description\": \"C\u00f3 kh\u1ea3 n\u0103ng giao ti\u1ebfp t\u1ed1t, tr\u00ecnh b\u00e0y v\u00e0 di\u1ec5n \u0111\u1ea1t r\u00f5 r\u00e0ng.\", \"id\": 29, \"name\": \"K\u1ef9 n\u0103ng m\u1ec1m\"}, {\"description\": \"C\u00f3 t\u01b0 duy logic, ph\u1ea3n bi\u1ec7n t\u1ed1t v\u00e0 kh\u1ea3 n\u0103ng ph\u00e2n t\u00edch s\u1ed1 li\u1ec7u.\", \"id\": 27, \"name\": \"Logic t\u1ed1t\"}, {\"description\": \"C\u00f3 \u0111\u1ed3 \u00e1n/d\u1ef1 \u00e1n th\u1ef1c t\u1ebf l\u00e0m v\u1ec1 s\u1ea3n ph\u1ea9m Mobile l\u00e0 m\u1ed9t l\u1ee3i th\u1ebf l\u1edbn.\", \"id\": 46, \"name\": \"Kinh nghi\u1ec7m\"}]", "_benefits": "[{\"description\": \"Thu nh\u1eadp \u1ed5n \u0111\u1ecbnh, c\u1ea1nh tranh.\", \"id\": 1, \"name\": \"L\u01b0\u01a1ng\"}, {\"description\": \"Kh\u1edfi ngu\u1ed3n l\u00e0 nh\u1eefng ng\u01b0\u1eddi b\u1ea1n chung tay l\u1eadp nghi\u1ec7p, VNG lu\u00f4n c\u1ed1 g\u1eafng duy tr\u00ec m\u00f4i tr\u01b0\u1eddng l\u00e0m vi\u1ec7c th\u00e2n thi\u1ec7n v\u00e0 c\u1edfi m\u1edf. Ng\u01b0\u1eddi VNG lu\u00f4n s\u1eb5n s\u00e0ng chia s\u1ebb, chung tay gi\u1ea3i quy\u1ebft m\u1ecdi v\u1ea5n \u0111\u1ec1.\", \"id\": 6, \"name\": \"M\u00f4i tr\u01b0\u1eddng\"}, {\"description\": \"Th\u01b0 vi\u1ec7n, ph\u00f2ng t\u1eadp gym mi\u1ec5n ph\u00ed cho to\u00e0n b\u1ed9 nh\u00e2n vi\u00ean h\u1ecdc t\u1eadp v\u00e0 r\u00e8n luy\u1ec7n s\u1ee9c kh\u1ecfe h\u00e0ng ng\u00e0y.\", \"id\": 3, \"name\": \"S\u1ee9c kho\u1ebb\"}, {\"description\": \"Ch\u00fang t\u00f4i coi tr\u1ecdng vi\u1ec7c h\u1ecdc v\u00e0 t\u1ea1o \u0111i\u1ec1u ki\u1ec7n cho m\u1ecdi ng\u01b0\u1eddi r\u00e8n luy\u1ec7n \u1edf m\u1ecdi l\u00fac m\u1ecdi n\u01a1i. VNG c\u00f3 h\u00e0ng lo\u1ea1t c\u00e1c kh\u00f3a training cho th\u00e0nh vi\u00ean c\u00e1c nh\u00f3m ngh\u1ec1 nghi\u1ec7p t\u1eeb K\u1ef9 thu\u1eadt. Ng\u01b0\u1eddi VNG c\u0169ng th\u01b0\u1eddng xuy\u00ean \u0111\u01b0\u1ee3c c\u1eed \u0111i th\u1ef1c t\u1ebf \u1edf n\u01b0\u1edbc ngo\u00e0i.\", \"id\": 4, \"name\": \"C\u01a1 h\u1ed9i\"}]"}}, {"model": "jobsite.job", "pk": 33, "fields": {"name": "Backend Developer Internship (Java) - CS", "created_by": "Nguy\u1ec5n Tri Sinh", "created_at": "2017-05-20T07:28:42.015Z", "updated_at": "2017-05-24T04:51:52.116Z", "expired_at": "2017-05-31T07:22:19Z", "is_full_time": false, "company": 1, "company_address": "Tr\u1ee5 s\u1edf ch\u00ednh (Flemington), 182 L\u00ea \u0110\u1ea1i H\u00e0nh, Ph\u01b0\u1eddng 15, Qu\u1eadn 11.", "company_district": 771, "company_name": "VNG Corporation", "company_slug": "vng", "company_type": 1, "company_logo": "logo/vng-logo.png", "company_size": 2000, "company_apply_link": "https://career.vng.com.vn/danh-cho-sinh-vien/14-chuong-trinh-vng-internship#E439.PINTERNSHIP", "how_to_apply": "", "description": "Ph\u00e1t tri\u1ec3n v\u00e0 nghi\u00ean c\u1ee9u c\u00e1c \u1ee9ng d\u1ee5ng n\u1eb1m trong h\u1ec7 sinh th\u00e1i 123cs. \r\nTham gia ph\u00e1t tri\u1ec3n v\u00e0 nghi\u00ean c\u1ee9u c\u00e1c \u1ee9ng d\u1ee5ng s\u1eed d\u1ee5ng restfull api, service BE, ETL data, BigData.", "_skills": "[{\"description\": \"N\u1eafm v\u1eefng ki\u1ebfn th\u1ee9c n\u1ec1n t\u1ea3ng v\u1ec1 c\u1ea5u tr\u00fac d\u1eef li\u1ec7u, gi\u1ea3i thu\u1eadt & thu\u1eadt to\u00e1n.\", \"id\": 11, \"name\": \"OOP v\u00e0 CTDL&GT\"}, {\"description\": \"N\u1eafm v\u1eefng ki\u1ebfn th\u1ee9c n\u1ec1n t\u1ea3ng m\u1ed9t trong c\u00e1c ng\u00f4n ng\u1eef l\u1eadp tr\u00ecnh\", \"id\": 8, \"name\": \"C plus plus\"}, {\"description\": \"\u0110\u00e3 th\u1ef1c hi\u1ec7n 1 d\u1ef1 \u00e1n th\u1ef1c t\u1ebf l\u00e0 m\u1ed9t l\u1ee3i th\u1ebf\", \"id\": 46, \"name\": \"Kinh nghi\u1ec7m\"}, {\"description\": \"T\u01b0 duy logic r\u00f5 r\u00e0ng.\", \"id\": 27, \"name\": \"Logic t\u1ed1t\"}, {\"description\": \"C\u00f3 kh\u1ea3 n\u0103ng h\u1ecdc h\u1ecfi nhanh, tinh th\u1ea7n c\u1ea7u ti\u1ebfn, kh\u00f4ng ng\u1ea1i th\u1eed th\u00e1ch.\", \"id\": 28, \"name\": \"Th\u00e1i \u0111\u1ed9 t\u1ed1t\"}]", "_benefits": "[{\"description\": \"Thu nh\u1eadp h\u1ea5p d\u1eabn\", \"id\": 1, \"name\": \"L\u01b0\u01a1ng\"}, {\"description\": \"H\u1ed7 tr\u1ee3 c\u01a1m tr\u01b0a, tr\u00e0 caf\u00e9 mi\u1ec5n ph\u00ed\", \"id\": 2, \"name\": \"\u0102n u\u1ed1ng\"}, {\"description\": \"\u0110\u01b0\u1ee3c s\u1eed d\u1ee5ng mi\u1ec5n ph\u00ed ph\u00f2ng gym hi\u1ec7n \u0111\u1ea1i v\u00e0 c\u00e1c ho\u1ea1t \u0111\u1ed9ng th\u1ec3 d\u1ee5c, th\u1ec3 thao: c\u1ea7u l\u00f4ng, tennis, b\u01a1i l\u1ed9i,\u2026\", \"id\": 3, \"name\": \"S\u1ee9c kho\u1ebb\"}, {\"description\": \"S\u1edf h\u1eefu c\u01a1 h\u1ed9i tr\u1edf th\u00e0nh nh\u00e2n vi\u00ean ch\u00ednh th\u1ee9c t\u1ea1i VNG.\", \"id\": 4, \"name\": \"C\u01a1 h\u1ed9i\"}, {\"description\": \"\u0110\u01b0\u1ee3c h\u1ecdc h\u1ecfi t\u1eeb c\u00e1c chuy\u00ean gia h\u00e0ng \u0111\u1ea7u trong ng\u00e0nh Internet.\\r\\n\u0110\u01b0\u1ee3c \u0111\u00e0o t\u1ea1o b\u00e0i b\u1ea3n v\u1ec1 chuy\u00ean m\u00f4n v\u00e0 l\u00e0m vi\u1ec7c th\u1ef1c t\u1ebf trong c\u00e1c s\u1ea3n ph\u1ea9m h\u00e0ng ch\u1ee5c tri\u1ec7u s\u1eed d\u1ee5ng.\", \"id\": 5, \"name\": \"Ki\u1ebfn th\u1ee9c\"}]"}}, {"model": "jobsite.job", "pk": 34, "fields": {"name": "Fresher Front-end Developer", "created_by": "Nguy\u1ec5n Tri Sinh", "created_at": "2017-05-20T07:43:02.924Z", "updated_at": "2017-05-24T04:42:41.840Z", "expired_at": "2017-06-05T07:36:23Z", "is_full_time": true, "company": 5, "company_address": "123, \u0111\u01b0\u1eddng C\u1ed9ng H\u00f2a, qu\u1eadn T\u00e2n B\u00ecnh", "company_district": 766, "company_name": "KMS Technology", "company_slug": "kmstechnology", "company_type": 2, "company_logo": "logo/KMS-new.jpg", "company_size": 300, "company_apply_link": "http://careers.kms-technology.com/job/fresh-front-end-developer", "how_to_apply": "", "description": "Participate in all software development activities following Scrum process\r\nDesign solutions and approach for software features or subsystems\r\nWrite high quality code to implement software features or fix bugs\r\nPerform unit testing, documentation and all other activities defined in Definition of Done before passing source code to Testing team\r\nCommunicate and report internally or directly to client on status or result of work", "_skills": "[{\"description\": \"Good English in reading and writing\", \"id\": 10, \"name\": \"Ti\u1ebfng Anh t\u1ed1t\"}, {\"description\": \"Experience of any JavaScript-based technologies: ReactJS, AngularJS or NodeJS \u2026\", \"id\": 5, \"name\": \"Javascript\"}, {\"description\": \"Experience of source control systems: SVN, Git, VSS \u2026\", \"id\": 15, \"name\": \"Git/SVN\"}, {\"description\": \"Understanding of J2EE, WebServices, Microservices or Messaging APIs \u2026\", \"id\": 31, \"name\": \"Server-side Languages\"}]", "_benefits": "[{\"description\": \"Great working environment\", \"id\": 6, \"name\": \"M\u00f4i tr\u01b0\u1eddng\"}, {\"description\": \"Performance appraisal twice a year\", \"id\": 9, \"name\": \"Th\u01b0\u1edfng\"}, {\"description\": \"Premium healthcare insurance (provided by AON this year) for you and your loved ones\", \"id\": 3, \"name\": \"S\u1ee9c kho\u1ebb\"}, {\"description\": \"Onsite opportunities: short-term and long-term assignments in The United States of America\", \"id\": 4, \"name\": \"C\u01a1 h\u1ed9i\"}, {\"description\": \"Company trip in every summer, at least 2 team building gatherings and big annual year-end party every year\\r\\nCommitment to community development: charity every quarter, blood donation, public seminars, career orientation talks\u2026\\r\\nSport activities\", \"id\": 11, \"name\": \"Ho\u1ea1t \u0111\u1ed9ng\"}]"}}, {"model": "jobsite.job", "pk": 35, "fields": {"name": "Full-stack Javascript Intern", "created_by": "Nguy\u1ec5n Tri Sinh", "created_at": "2017-05-20T07:55:35.859Z", "updated_at": "2017-05-24T04:41:05.601Z", "expired_at": "2017-06-08T07:51:19Z", "is_full_time": false, "company": 5, "company_address": "123, \u0111\u01b0\u1eddng C\u1ed9ng H\u00f2a, qu\u1eadn T\u00e2n B\u00ecnh", "company_district": 766, "company_name": "KMS Technology", "company_slug": "kmstechnology", "company_type": 2, "company_logo": "logo/KMS-new.jpg", "company_size": 300, "company_apply_link": null, "how_to_apply": "", "description": "Support to implement new features for product\r\nSupport the marketing team to investigate issues if there is any concern from users\r\nOther tasks as assigned", "_skills": "[{\"description\": \"For fresh graduated or 3rd/4th year students\\r\\nAt least 6 months of commitment for the internship period (Full-time is preferable)\", \"id\": 9, \"name\": \"N\u0103m 3 tr\u1edf l\u00ean\"}, {\"description\": \"Strong background knowledge in OOP, Data structures and algorithms\", \"id\": 11, \"name\": \"OOP v\u00e0 CTDL&GT\"}, {\"description\": \"Some knowledge and experience with HTML\", \"id\": 3, \"name\": \"HTML\"}, {\"description\": \"Some knowledge and experience with CSS\", \"id\": 4, \"name\": \"CSS\"}, {\"description\": \"Some knowledge and experience with JavaScript\", \"id\": 5, \"name\": \"Javascript\"}, {\"description\": \"Already worked with some source version controls: Git/SVN\", \"id\": 15, \"name\": \"Git/SVN\"}, {\"description\": \"Good communication skills in both English and Vietnamese is a plus\", \"id\": 10, \"name\": \"Ti\u1ebfng Anh t\u1ed1t\"}]", "_benefits": "[{\"description\": \"Be trained and developed on development skills\", \"id\": 5, \"name\": \"Ki\u1ebfn th\u1ee9c\"}, {\"description\": \"Work in friendly and professional working environment\", \"id\": 6, \"name\": \"M\u00f4i tr\u01b0\u1eddng\"}, {\"description\": \"Competitive internship allowance\\r\\nBe able to turn your internship into a career stepping stone\", \"id\": 4, \"name\": \"C\u01a1 h\u1ed9i\"}, {\"description\": \"Flexible working time\", \"id\": 7, \"name\": \"Th\u1eddi gian\"}]"}}, {"model": "jobsite.job", "pk": 36, "fields": {"name": "Mobile Developer Internship (iOS)", "created_by": "Ph\u1ea1m H\u1eefu Danh", "created_at": "2017-05-24T04:37:01.801Z", "updated_at": "2017-05-24T04:51:53.250Z", "expired_at": "2017-06-10T05:00:00Z", "is_full_time": false, "company": 1, "company_address": "Tr\u1ee5 s\u1edf ch\u00ednh (Flemington), 182 L\u00ea \u0110\u1ea1i H\u00e0nh, Ph\u01b0\u1eddng 15, Qu\u1eadn 11.", "company_district": 771, "company_name": "VNG Corporation", "company_slug": "vng", "company_type": 1, "company_logo": "logo/vng-logo.png", "company_size": 2000, "company_apply_link": "https://career.vng.com.vn/danh-cho-sinh-vien/14-chuong-trinh-vng-internship#E440.PINTERNSHIP", "how_to_apply": "H\u1ed3 s\u01a1 bao g\u1ed3m: CV + B\u1ea3ng \u0111i\u1ec3m (c\u00f3 th\u1ec3 l\u1ea5y b\u1ea3ng \u0111i\u1ec3m online website c\u1ee7a tr\u01b0\u1eddng, kh\u00f4ng c\u1ea7n b\u1ea3ng \u0111i\u1ec3m c\u00f3 m\u1ed9c l\u1ea5y t\u1eeb Ph\u00f2ng \u0110\u00e0o T\u1ea1o)\r\n\u0110\u00e3 th\u1ef1c hi\u1ec7n 1 d\u1ef1 \u00e1n th\u1ef1c t\u1ebf l\u00e0 m\u1ed9t l\u1ee3i th\u1ebf", "description": "Ph\u00e1t tri\u1ec3n v\u00e0 nghi\u00ean c\u1ee9u c\u00e1c \u1ee9ng d\u1ee5ng n\u1eb1m trong h\u1ec7 sinh th\u00e1i 123cs. \r\nTham gia ph\u00e1t tri\u1ec3n v\u00e0 nghi\u00ean c\u1ee9u c\u00e1c \u1ee9ng d\u1ee5ng tr\u00ean n\u1ec1n IOS b\u1eb1ng Object-C", "_skills": "[{\"description\": \"N\u1eafm v\u1eefng ki\u1ebfn th\u1ee9c n\u1ec1n t\u1ea3ng v\u1ec1 c\u1ea5u tr\u00fac d\u1eef li\u1ec7u, gi\u1ea3i thu\u1eadt & thu\u1eadt to\u00e1n.\", \"id\": 11, \"name\": \"OOP v\u00e0 CTDL&GT\"}, {\"description\": \"N\u1eafm v\u1eefng ki\u1ebfn th\u1ee9c n\u1ec1n t\u1ea3ng m\u1ed9t trong c\u00e1c ng\u00f4n ng\u1eef l\u1eadp tr\u00ecnh C++, Java v\u00e0 C#.\", \"id\": 8, \"name\": \"C plus plus\"}, {\"description\": \"N\u1eafm v\u1eefng ki\u1ebfn th\u1ee9c n\u1ec1n t\u1ea3ng m\u1ed9t trong c\u00e1c ng\u00f4n ng\u1eef l\u1eadp tr\u00ecnh C++, Java v\u00e0 C#.\", \"id\": 7, \"name\": \"Java\"}, {\"description\": \"N\u1eafm v\u1eefng ki\u1ebfn th\u1ee9c n\u1ec1n t\u1ea3ng m\u1ed9t trong c\u00e1c ng\u00f4n ng\u1eef l\u1eadp tr\u00ecnh C++, Java v\u00e0 C#.\", \"id\": 24, \"name\": \"C Sharp\"}]", "_benefits": "[{\"description\": \"Thu nh\u1eadp h\u1ea5p d\u1eabn\", \"id\": 1, \"name\": \"L\u01b0\u01a1ng\"}, {\"description\": \"H\u1ed7 tr\u1ee3 c\u01a1m tr\u01b0a, tr\u00e0 caf\u00e9 mi\u1ec5n ph\u00ed\", \"id\": 2, \"name\": \"\u0102n u\u1ed1ng\"}, {\"description\": \"\u0110\u01b0\u1ee3c s\u1eed d\u1ee5ng mi\u1ec5n ph\u00ed ph\u00f2ng gym hi\u1ec7n \u0111\u1ea1i v\u00e0 c\u00e1c ho\u1ea1t \u0111\u1ed9ng th\u1ec3 d\u1ee5c, th\u1ec3 thao: c\u1ea7u l\u00f4ng, tennis, b\u01a1i l\u1ed9i,\u2026\", \"id\": 3, \"name\": \"S\u1ee9c kho\u1ebb\"}, {\"description\": \"S\u1edf h\u1eefu c\u01a1 h\u1ed9i tr\u1edf th\u00e0nh nh\u00e2n vi\u00ean ch\u00ednh th\u1ee9c t\u1ea1i VNG.\", \"id\": 4, \"name\": \"C\u01a1 h\u1ed9i\"}, {\"description\": \"\u0110\u01b0\u1ee3c h\u1ecdc h\u1ecfi t\u1eeb c\u00e1c chuy\u00ean gia h\u00e0ng \u0111\u1ea7u trong ng\u00e0nh Internet.\\r\\n\u0110\u01b0\u1ee3c \u0111\u00e0o t\u1ea1o b\u00e0i b\u1ea3n v\u1ec1 chuy\u00ean m\u00f4n v\u00e0 l\u00e0m vi\u1ec7c th\u1ef1c t\u1ebf trong c\u00e1c s\u1ea3n ph\u1ea9m h\u00e0ng ch\u1ee5c tri\u1ec7u s\u1eed d\u1ee5ng.\", \"id\": 5, \"name\": \"Ki\u1ebfn th\u1ee9c\"}]"}}, {"model": "jobsite.job", "pk": 37, "fields": {"name": "QC Automation Engineer - VNG CS", "created_by": "Ph\u1ea1m H\u1eefu Danh", "created_at": "2017-05-24T04:49:06.423Z", "updated_at": "2017-05-24T04:58:54.231Z", "expired_at": "2017-06-10T05:00:00Z", "is_full_time": false, "company": 1, "company_address": "Tr\u1ee5 s\u1edf ch\u00ednh (Flemington), 182 L\u00ea \u0110\u1ea1i H\u00e0nh, Ph\u01b0\u1eddng 15, Qu\u1eadn 11.", "company_district": 771, "company_name": "VNG Corporation", "company_slug": "vng", "company_type": 1, "company_logo": "logo/vng-logo.png", "company_size": 2000, "company_apply_link": "https://career.vng.com.vn/danh-cho-sinh-vien/14-chuong-trinh-vng-internship#E438.PINTERNSHIP", "how_to_apply": "H\u1ed3 s\u01a1 bao g\u1ed3m: CV + B\u1ea3ng \u0111i\u1ec3m (c\u00f3 th\u1ec3 l\u1ea5y b\u1ea3ng \u0111i\u1ec3m online website c\u1ee7a tr\u01b0\u1eddng, kh\u00f4ng c\u1ea7n b\u1ea3ng \u0111i\u1ec3m c\u00f3 m\u1ed9c l\u1ea5y t\u1eeb Ph\u00f2ng \u0110\u00e0o T\u1ea1o)", "description": "Tham gia test c\u00e1c \u1ee9ng d\u1ee5ng trong h\u1ec7 th\u1ed1ng sinh th\u00e1i 123CS\r\nVi\u1ebft c\u00e1c script auto test tr\u00ean c\u00e1c n\u1ec1n t\u1ea3ng web, android, ios s\u1eed d\u1ee5ng java", "_skills": "[{\"description\": \"C\u00f3 ki\u1ebfn th\u1ee9c n\u1ec1n t\u1ea3ng v\u1ec1 c\u1ea5u tr\u00fac d\u1eef li\u1ec7u, gi\u1ea3i thu\u1eadt & thu\u1eadt to\u00e1n.\", \"id\": 11, \"name\": \"OOP v\u00e0 CTDL&GT\"}, {\"description\": \"C\u00f3 ki\u1ebfn th\u1ee9c n\u1ec1n t\u1ea3ng m\u1ed9t trong c\u00e1c ng\u00f4n ng\u1eef l\u1eadp tr\u00ecnh C++, Java v\u00e0 C#.\", \"id\": 24, \"name\": \"C Sharp\"}, {\"description\": \"C\u00f3 ki\u1ebfn th\u1ee9c n\u1ec1n t\u1ea3ng m\u1ed9t trong c\u00e1c ng\u00f4n ng\u1eef l\u1eadp tr\u00ecnh C++, Java v\u00e0 C#.\", \"id\": 7, \"name\": \"Java\"}, {\"description\": \"C\u00f3 ki\u1ebfn th\u1ee9c n\u1ec1n t\u1ea3ng m\u1ed9t trong c\u00e1c ng\u00f4n ng\u1eef l\u1eadp tr\u00ecnh C++, Java v\u00e0 C#.\", \"id\": 8, \"name\": \"C plus plus\"}]", "_benefits": "[{\"description\": \"Thu nh\u1eadp h\u1ea5p d\u1eabn\", \"id\": 1, \"name\": \"L\u01b0\u01a1ng\"}, {\"description\": \"H\u1ed7 tr\u1ee3 c\u01a1m tr\u01b0a, tr\u00e0 caf\u00e9 mi\u1ec5n ph\u00ed\", \"id\": 2, \"name\": \"\u0102n u\u1ed1ng\"}, {\"description\": \"\u0110\u01b0\u1ee3c s\u1eed d\u1ee5ng mi\u1ec5n ph\u00ed ph\u00f2ng gym hi\u1ec7n \u0111\u1ea1i v\u00e0 c\u00e1c ho\u1ea1t \u0111\u1ed9ng th\u1ec3 d\u1ee5c, th\u1ec3 thao: c\u1ea7u l\u00f4ng, tennis, b\u01a1i l\u1ed9i,\u2026\", \"id\": 3, \"name\": \"S\u1ee9c kho\u1ebb\"}, {\"description\": \"S\u1edf h\u1eefu c\u01a1 h\u1ed9i tr\u1edf th\u00e0nh nh\u00e2n vi\u00ean ch\u00ednh th\u1ee9c t\u1ea1i VNG.\", \"id\": 4, \"name\": \"C\u01a1 h\u1ed9i\"}, {\"description\": \"\u0110\u01b0\u1ee3c h\u1ecdc h\u1ecfi t\u1eeb c\u00e1c chuy\u00ean gia h\u00e0ng \u0111\u1ea7u trong ng\u00e0nh Internet.\\r\\n\u0110\u01b0\u1ee3c \u0111\u00e0o t\u1ea1o b\u00e0i b\u1ea3n v\u1ec1 chuy\u00ean m\u00f4n v\u00e0 l\u00e0m vi\u1ec7c th\u1ef1c t\u1ebf trong c\u00e1c s\u1ea3n ph\u1ea9m h\u00e0ng ch\u1ee5c tri\u1ec7u s\u1eed d\u1ee5ng.\", \"id\": 5, \"name\": \"Ki\u1ebfn th\u1ee9c\"}]"}}, {"model": "jobsite.job", "pk": 38, "fields": {"name": "Mobile (iOS) or Testing Internship", "created_by": "Nguy\u1ec5n Tri Sinh", "created_at": "2017-05-24T13:05:06.833Z", "updated_at": "2017-05-25T03:48:28.426Z", "expired_at": "2017-06-30T13:00:54Z", "is_full_time": true, "company": 12, "company_address": "10 Ph\u1ed5 Quang T\u00e2n B\u00ecnh Ho Chi Minh", "company_district": 766, "company_name": "ARIS Vi\u1ec7t Nam", "company_slug": "aris", "company_type": 2, "company_logo": "logo/8b94a606c49e9977475faf1e7567a418.jpeg", "company_size": 50, "company_apply_link": "http://www.internship.edu.vn/jobs/mobileios-or-testing-internship/", "how_to_apply": "Please send your CV in English via email\r\nCV name for Intership: Intership_FullName", "description": "With mission \u201cThe Quality of Product, the benefit of Client are always considered as the leading goal\u201d, ARIS always\r\nwilling to support/build an attractive working environment for all staffs to have a chance to learn, to work and to improve themselves  as well as constantly seek new talent, especially young talent.\r\nFresher Challenge Program is a program that ARIS gives a chance for the freshers, who want to challenge themselves with new chances, want to take part in our environment to improve their skills, as well as want to prepare\r\nknowledge, experience for their further target/goal in the near future.", "_skills": "[{\"description\": \"Interested in Mobile Programming (iOS) or Testing.\", \"id\": 48, \"name\": \"iOS\"}, {\"description\": \"GPA: over 7.0 is a plus.\", \"id\": 25, \"name\": \"\u0110TB 7 tr\u1edf l\u00ean\"}, {\"description\": \"Good teamwork attitude and eager to learn new technologies.\", \"id\": 28, \"name\": \"Th\u00e1i \u0111\u1ed9 t\u1ed1t\"}, {\"description\": \"Internship Student, IT Major.\", \"id\": 9, \"name\": \"N\u0103m 3 tr\u1edf l\u00ean\"}]", "_benefits": "[{\"description\": \"Be trained on working attitude, procedures.\\r\\nBe trained on technologies, knowledge in Mobile Programming or Testing field.\", \"id\": 5, \"name\": \"Ki\u1ebfn th\u1ee9c\"}, {\"description\": \"Join in Company Project with Japanese Customer from Japan, as well as in Vietnam.\\r\\nHave a chance to become ARIS Vietnam\u2019s member.\", \"id\": 4, \"name\": \"C\u01a1 h\u1ed9i\"}]"}}, {"model": "jobsite.job", "pk": 39, "fields": {"name": "Fresher Software Testing Engineer", "created_by": "Nguy\u1ec5n Tri Sinh", "created_at": "2017-05-24T13:23:15.568Z", "updated_at": "2017-05-24T13:23:16.475Z", "expired_at": "2017-06-24T13:15:38Z", "is_full_time": false, "company": 5, "company_address": "123, \u0111\u01b0\u1eddng C\u1ed9ng H\u00f2a, qu\u1eadn T\u00e2n B\u00ecnh", "company_district": 766, "company_name": "KMS Technology", "company_slug": "kmstechnology", "company_type": 2, "company_logo": "logo/KMS-new.jpg", "company_size": 300, "company_apply_link": "http://careers.kms-technology.com/job/fresher-software-testing-engineer", "how_to_apply": "", "description": "Participate in all software development activities following Scrum process\r\nDesign high quality test cases to scan through the operation of the software\r\nPerform tests for both written test cases and by exploring the system\r\nCommunicate progress, test results and quality risks both internally and directly to client", "_skills": "[{\"description\": \"Good English in reading and writing\", \"id\": 10, \"name\": \"Ti\u1ebfng Anh t\u1ed1t\"}, {\"description\": \"Experience doing software testing in a professional environment\", \"id\": 46, \"name\": \"Kinh nghi\u1ec7m\"}, {\"description\": \"Average programming skills in any practical programming languages: Java, .NET, PHP, JavaScript \u2026\", \"id\": 11, \"name\": \"OOP v\u00e0 CTDL&GT\"}]", "_benefits": "[{\"description\": \"Premium healthcare insurance (provided by AON this year) for you and your loved ones\", \"id\": 3, \"name\": \"S\u1ee9c kho\u1ebb\"}, {\"description\": \"Company trip in every summer, at least 2 team building gatherings and big annual year-end party every year\", \"id\": 11, \"name\": \"Ho\u1ea1t \u0111\u1ed9ng\"}, {\"description\": \"Various trainings on hot-trend technologies, best practices and soft skills\", \"id\": 5, \"name\": \"Ki\u1ebfn th\u1ee9c\"}, {\"description\": \"Onsite opportunities: short-term and long-term assignments in The United States of America\", \"id\": 4, \"name\": \"C\u01a1 h\u1ed9i\"}, {\"description\": \"Performance appraisal twice a year\", \"id\": 1, \"name\": \"L\u01b0\u01a1ng\"}, {\"description\": \"Great working environment\", \"id\": 6, \"name\": \"M\u00f4i tr\u01b0\u1eddng\"}]"}}, {"model": "jobsite.suggestedjob", "pk": 1, "fields": {"name": "djkshajkdhsak", "company_id": 1, "company_name": "klsajdklsakljskal", "expired_at": "2017-05-24T13:23:15.568Z", "is_full_time": true, "company_apply_link": "http://a.com", "description": "hdasjdhska"}}, {"model": "jobsite.suggestedjob", "pk": 2, "fields": {"name": "dkashjkdsakd", "company_id": null, "company_name": "dfgdgfd", "expired_at": "2017-05-20T07:55:35.859Z", "is_full_time": true, "company_apply_link": "http://company.com", "description": "djkashjkhsak"}}, {"model": "jobsite.suggestedjob", "pk": 3, "fields": {"name": "dkashjkdsakd", "company_id": null, "company_name": "dfgdgfd", "expired_at": "2017-05-20T00:55:35Z", "is_full_time": true, "company_apply_link": "http://company.com", "description": "djkashjkhsak"}}, {"model": "jobsite.suggestedjob", "pk": 4, "fields": {"name": "dkashjkdsakd", "company_id": null, "company_name": "dfgdgfd", "expired_at": "2017-05-20T00:55:35Z", "is_full_time": true, "company_apply_link": "http://company.com", "description": "djkashjkhsak"}}, {"model": "jobsite.suggestedjob", "pk": 5, "fields": {"name": "fdsfdsfds", "company_id": null, "company_name": "cszc", "expired_at": "2015-01-01T05:12:12Z", "is_full_time": true, "company_apply_link": "http://a.com", "description": "dsadsadasdsadsa"}}, {"model": "jobsite.suggestedjob", "pk": 6, "fields": {"name": "fdsfdsfds", "company_id": null, "company_name": "cszc", "expired_at": "2015-01-01T05:12:12Z", "is_full_time": true, "company_apply_link": "http://a.com", "description": "dsadsadasdsadsa"}}, {"model": "jobsite.suggestedjob", "pk": 7, "fields": {"name": "fdsfdsfds", "company_id": null, "company_name": "cszc", "expired_at": "2015-01-01T05:12:12Z", "is_full_time": true, "company_apply_link": "http://a.com", "description": "dsadsadasdsadsa"}}, {"model": "jobsite.suggestedjob", "pk": 8, "fields": {"name": "fdsfdsfds", "company_id": null, "company_name": "cszc", "expired_at": "2015-01-01T05:12:12Z", "is_full_time": true, "company_apply_link": "http://a.com", "description": "dsadsadasdsadsa"}}, {"model": "jobsite.suggestedjob", "pk": 9, "fields": {"name": "fdsfdsfds", "company_id": null, "company_name": "cszc", "expired_at": "2015-01-01T05:12:12Z", "is_full_time": true, "company_apply_link": "http://a.com", "description": "dsadsadasdsadsa"}}, {"model": "jobsite.suggestedjob", "pk": 10, "fields": {"name": "dsadsa", "company_id": null, "company_name": "dsadas", "expired_at": "2015-12-01T05:12:12Z", "is_full_time": true, "company_apply_link": "http://a.com", "description": "\u0111asadsadsad"}}, {"model": "jobsite.suggestedjob", "pk": 11, "fields": {"name": "dsadsadsad", "company_id": null, "company_name": "fsadsadsa", "expired_at": "2015-12-12T05:00:00Z", "is_full_time": true, "company_apply_link": "http://a.com", "description": "\u0111asadsa"}}, {"model": "jobsite.suggestedjob", "pk": 12, "fields": {"name": "fsafsaf", "company_id": null, "company_name": "sflkkdsjfklsd", "expired_at": "2015-11-11T05:00:00Z", "is_full_time": false, "company_apply_link": "http://dshajdksahjdksja.com", "description": "ksahjdkhsajkd"}}, {"model": "jobsite.suggestedjob", "pk": 13, "fields": {"name": "dsadsdsa", "company_id": null, "company_name": "dsadsa", "expired_at": "2015-01-01T05:00:00Z", "is_full_time": false, "company_apply_link": "http://a.com", "description": "dsadsadas"}}, {"model": "jobsite.skill", "pk": 1, "fields": {"name": "PHP", "info": ""}}, {"model": "jobsite.skill", "pk": 2, "fields": {"name": "MySQL", "info": ""}}, {"model": "jobsite.skill", "pk": 3, "fields": {"name": "HTML", "info": ""}}, {"model": "jobsite.skill", "pk": 4, "fields": {"name": "CSS", "info": ""}}, {"model": "jobsite.skill", "pk": 5, "fields": {"name": "Javascript", "info": ""}}, {"model": "jobsite.skill", "pk": 6, "fields": {"name": "Python", "info": ""}}, {"model": "jobsite.skill", "pk": 7, "fields": {"name": "Java", "info": ""}}, {"model": "jobsite.skill", "pk": 8, "fields": {"name": "C plus plus", "info": ""}}, {"model": "jobsite.skill", "pk": 9, "fields": {"name": "N\u0103m 3 tr\u1edf l\u00ean", "info": ""}}, {"model": "jobsite.skill", "pk": 10, "fields": {"name": "Ti\u1ebfng Anh t\u1ed1t", "info": ""}}, {"model": "jobsite.skill", "pk": 11, "fields": {"name": "OOP v\u00e0 CTDL&GT", "info": ""}}, {"model": "jobsite.skill", "pk": 15, "fields": {"name": "Git/SVN", "info": ""}}, {"model": "jobsite.skill", "pk": 18, "fields": {"name": "Machine Learning", "info": ""}}, {"model": "jobsite.skill", "pk": 19, "fields": {"name": "Natural Language Processing", "info": ""}}, {"model": "jobsite.skill", "pk": 24, "fields": {"name": "C Sharp", "info": ""}}, {"model": "jobsite.skill", "pk": 25, "fields": {"name": "\u0110TB 7 tr\u1edf l\u00ean", "info": ""}}, {"model": "jobsite.skill", "pk": 26, "fields": {"name": "N\u0103m cu\u1ed1i", "info": ""}}, {"model": "jobsite.skill", "pk": 27, "fields": {"name": "Logic t\u1ed1t", "info": ""}}, {"model": "jobsite.skill", "pk": 28, "fields": {"name": "Th\u00e1i \u0111\u1ed9 t\u1ed1t", "info": ""}}, {"model": "jobsite.skill", "pk": 29, "fields": {"name": "K\u1ef9 n\u0103ng m\u1ec1m", "info": ""}}, {"model": "jobsite.skill", "pk": 31, "fields": {"name": "Server-side Languages", "info": ""}}, {"model": "jobsite.skill", "pk": 32, "fields": {"name": "Ruby on Rails", "info": ""}}, {"model": "jobsite.skill", "pk": 37, "fields": {"name": ".NET", "info": ""}}, {"model": "jobsite.skill", "pk": 39, "fields": {"name": "C", "info": ""}}, {"model": "jobsite.skill", "pk": 40, "fields": {"name": "RESTful", "info": ""}}, {"model": "jobsite.skill", "pk": 41, "fields": {"name": "Bootstrap", "info": ""}}, {"model": "jobsite.skill", "pk": 42, "fields": {"name": "AngularJS", "info": ""}}, {"model": "jobsite.skill", "pk": 43, "fields": {"name": "jQuery", "info": ""}}, {"model": "jobsite.skill", "pk": 44, "fields": {"name": "NodeJS", "info": ""}}, {"model": "jobsite.skill", "pk": 45, "fields": {"name": "CMS", "info": ""}}, {"model": "jobsite.skill", "pk": 46, "fields": {"name": "Kinh nghi\u1ec7m", "info": ""}}, {"model": "jobsite.skill", "pk": 47, "fields": {"name": "Android", "info": ""}}, {"model": "jobsite.skill", "pk": 48, "fields": {"name": "iOS", "info": ""}}, {"model": "jobsite.skill", "pk": 49, "fields": {"name": "API", "info": ""}}, {"model": "jobsite.skill", "pk": 50, "fields": {"name": "QA", "info": ""}}, {"model": "jobsite.skill", "pk": 51, "fields": {"name": "Responsive web design", "info": ""}}, {"model": "jobsite.skill", "pk": 52, "fields": {"name": "OOP", "info": ""}}, {"model": "jobsite.skill", "pk": 53, "fields": {"name": "MVC", "info": ""}}, {"model": "jobsite.skill", "pk": 54, "fields": {"name": "Front-end", "info": ""}}, {"model": "jobsite.skill", "pk": 56, "fields": {"name": "QC", "info": ""}}, {"model": "jobsite.skill", "pk": 57, "fields": {"name": "Linux", "info": ""}}, {"model": "jobsite.skill", "pk": 58, "fields": {"name": "Apache", "info": ""}}, {"model": "jobsite.skill", "pk": 59, "fields": {"name": "Unity", "info": ""}}, {"model": "jobsite.skill", "pk": 60, "fields": {"name": "cocos2dx", "info": ""}}, {"model": "jobsite.skill", "pk": 61, "fields": {"name": "\u0110\u1ed3 \u00e1n Mobile", "info": ""}}, {"model": "jobsite.benefit", "pk": 1, "fields": {"name": "L\u01b0\u01a1ng"}}, {"model": "jobsite.benefit", "pk": 2, "fields": {"name": "\u0102n u\u1ed1ng"}}, {"model": "jobsite.benefit", "pk": 3, "fields": {"name": "S\u1ee9c kho\u1ebb"}}, {"model": "jobsite.benefit", "pk": 4, "fields": {"name": "C\u01a1 h\u1ed9i"}}, {"model": "jobsite.benefit", "pk": 5, "fields": {"name": "Ki\u1ebfn th\u1ee9c"}}, {"model": "jobsite.benefit", "pk": 6, "fields": {"name": "M\u00f4i tr\u01b0\u1eddng"}}, {"model": "jobsite.benefit", "pk": 7, "fields": {"name": "Th\u1eddi gian"}}, {"model": "jobsite.benefit", "pk": 8, "fields": {"name": "Ph\u00fac l\u1ee3i"}}, {"model": "jobsite.benefit", "pk": 9, "fields": {"name": "Th\u01b0\u1edfng"}}, {"model": "jobsite.benefit", "pk": 10, "fields": {"name": "\u0102n u\u1ed1ng"}}, {"model": "jobsite.benefit", "pk": 11, "fields": {"name": "Ho\u1ea1t \u0111\u1ed9ng"}}, {"model": "jobsite.benefit", "pk": 12, "fields": {"name": "Team Building"}}, {"model": "jobsite.benefit", "pk": 13, "fields": {"name": "S\u1ee9c kh\u1ecfe"}}, {"model": "jobsite.benefit", "pk": 14, "fields": {"name": "C\u01a1 s\u1edf v\u1eadt ch\u1ea5t"}}, {"model": "jobsite.jobskill", "pk": 1, "fields": {"job": 1, "skill": 1, "description": ""}}, {"model": "jobsite.jobskill", "pk": 2, "fields": {"job": 1, "skill": 2, "description": ""}}, {"model": "jobsite.jobskill", "pk": 3, "fields": {"job": 1, "skill": 3, "description": ""}}, {"model": "jobsite.jobskill", "pk": 4, "fields": {"job": 1, "skill": 4, "description": ""}}, {"model": "jobsite.jobskill", "pk": 5, "fields": {"job": 1, "skill": 5, "description": ""}}, {"model": "jobsite.jobskill", "pk": 6, "fields": {"job": 1, "skill": 6, "description": ""}}, {"model": "jobsite.jobskill", "pk": 7, "fields": {"job": 2, "skill": 3, "description": ""}}, {"model": "jobsite.jobskill", "pk": 8, "fields": {"job": 2, "skill": 4, "description": ""}}, {"model": "jobsite.jobskill", "pk": 9, "fields": {"job": 2, "skill": 5, "description": ""}}, {"model": "jobsite.jobskill", "pk": 10, "fields": {"job": 2, "skill": 7, "description": ""}}, {"model": "jobsite.jobskill", "pk": 11, "fields": {"job": 2, "skill": 8, "description": ""}}, {"model": "jobsite.jobskill", "pk": 12, "fields": {"job": 3, "skill": 9, "description": ""}}, {"model": "jobsite.jobskill", "pk": 13, "fields": {"job": 3, "skill": 10, "description": ""}}, {"model": "jobsite.jobskill", "pk": 14, "fields": {"job": 4, "skill": 9, "description": "For fresh graduated or 3rd/4th year students"}}, {"model": "jobsite.jobskill", "pk": 18, "fields": {"job": 4, "skill": 11, "description": "Strong background knowledge in OOP, Data structures and algorithms"}}, {"model": "jobsite.jobskill", "pk": 22, "fields": {"job": 4, "skill": 5, "description": "Some knowledge and experience with JavaScript"}}, {"model": "jobsite.jobskill", "pk": 25, "fields": {"job": 5, "skill": 18, "description": "Have knowledge about Machine Learning"}}, {"model": "jobsite.jobskill", "pk": 26, "fields": {"job": 5, "skill": 19, "description": "Have knowledge about Natural Language Processing"}}, {"model": "jobsite.jobskill", "pk": 28, "fields": {"job": 5, "skill": 10, "description": "Good in English"}}, {"model": "jobsite.jobskill", "pk": 30, "fields": {"job": 5, "skill": 9, "description": "3rd/4th year students in computer science, IT or related major"}}, {"model": "jobsite.jobskill", "pk": 32, "fields": {"job": 4, "skill": 3, "description": "Some knowledge and experience with HTML"}}, {"model": "jobsite.jobskill", "pk": 33, "fields": {"job": 4, "skill": 4, "description": "Some knowledge and experience with CSS"}}, {"model": "jobsite.jobskill", "pk": 34, "fields": {"job": 4, "skill": 15, "description": "Already worked with some source version controls: Git/SVN"}}, {"model": "jobsite.jobskill", "pk": 35, "fields": {"job": 6, "skill": 25, "description": "C\u00f3 k\u1ebft qu\u1ea3 h\u1ecdc t\u1eadp kh\u00e1 tr\u01a1\u0309 l\u00ean."}}, {"model": "jobsite.jobskill", "pk": 36, "fields": {"job": 6, "skill": 26, "description": "Sinh vi\u00ean n\u0103m cu\u1ed1i ho\u1eb7c m\u1edbi t\u1ed1t nghi\u1ec7p li\u00ean quan li\u0303nh v\u01b0\u0323c CNTT."}}, {"model": "jobsite.jobskill", "pk": 37, "fields": {"job": 6, "skill": 27, "description": "Y\u00eau th\u00edch l\u1eadp tr\u00ecnh v\u00e0 t\u01b0 duy logic t\u1ed1t."}}, {"model": "jobsite.jobskill", "pk": 38, "fields": {"job": 6, "skill": 28, "description": "Ch\u1ecbu \u0111\u01b0\u1ee3c \u00e1p l\u1ef1c c\u00f4ng vi\u1ec7c, th\u00e1i \u0111\u1ed9 l\u00e0m vi\u1ec7c t\u1ed1t, ch\u1ecbu kh\u00f3 h\u1ecdc."}}, {"model": "jobsite.jobskill", "pk": 39, "fields": {"job": 6, "skill": 29, "description": "C\u00f3 kh\u1ea3 n\u0103ng n\u1eafm b\u1eaft nhanh v\u00e0 kh\u1ea3 n\u0103ng l\u00e0m vi\u1ec7c theo nh\u00f3m t\u1ed1t."}}, {"model": "jobsite.jobskill", "pk": 41, "fields": {"job": 7, "skill": 31, "description": "Some proficiency in Ruby and Rails, PHP, or some of server-side languages (.NET, Python, etc)."}}, {"model": "jobsite.jobskill", "pk": 42, "fields": {"job": 9, "skill": 7, "description": ""}}, {"model": "jobsite.jobskill", "pk": 44, "fields": {"job": 9, "skill": 8, "description": ""}}, {"model": "jobsite.jobskill", "pk": 45, "fields": {"job": 9, "skill": 39, "description": ""}}, {"model": "jobsite.jobskill", "pk": 49, "fields": {"job": 11, "skill": 40, "description": ""}}, {"model": "jobsite.jobskill", "pk": 50, "fields": {"job": 11, "skill": 41, "description": ""}}, {"model": "jobsite.jobskill", "pk": 51, "fields": {"job": 11, "skill": 42, "description": ""}}, {"model": "jobsite.jobskill", "pk": 52, "fields": {"job": 11, "skill": 43, "description": ""}}, {"model": "jobsite.jobskill", "pk": 53, "fields": {"job": 11, "skill": 4, "description": ""}}, {"model": "jobsite.jobskill", "pk": 54, "fields": {"job": 11, "skill": 3, "description": ""}}, {"model": "jobsite.jobskill", "pk": 55, "fields": {"job": 11, "skill": 1, "description": ""}}, {"model": "jobsite.jobskill", "pk": 56, "fields": {"job": 11, "skill": 44, "description": ""}}, {"model": "jobsite.jobskill", "pk": 57, "fields": {"job": 11, "skill": 45, "description": ""}}, {"model": "jobsite.jobskill", "pk": 58, "fields": {"job": 12, "skill": 47, "description": "Knowledge or experience with Android development"}}, {"model": "jobsite.jobskill", "pk": 59, "fields": {"job": 12, "skill": 48, "description": "Knowledge or experience with IOS development."}}, {"model": "jobsite.jobskill", "pk": 60, "fields": {"job": 12, "skill": 49, "description": "Consuming web service/APIs(Facebook, Twitter, Google Maps..)"}}, {"model": "jobsite.jobskill", "pk": 61, "fields": {"job": 13, "skill": 50, "description": "Work with QA Lead in QA automation planning, development and monitoring."}}, {"model": "jobsite.jobskill", "pk": 62, "fields": {"job": 14, "skill": 3, "description": "Strong knowledge"}}, {"model": "jobsite.jobskill", "pk": 63, "fields": {"job": 14, "skill": 4, "description": "Strong knowledge"}}, {"model": "jobsite.jobskill", "pk": 64, "fields": {"job": 14, "skill": 51, "description": ""}}, {"model": "jobsite.jobskill", "pk": 65, "fields": {"job": 14, "skill": 5, "description": ""}}, {"model": "jobsite.jobskill", "pk": 66, "fields": {"job": 14, "skill": 43, "description": ""}}, {"model": "jobsite.jobskill", "pk": 67, "fields": {"job": 14, "skill": 7, "description": ""}}, {"model": "jobsite.jobskill", "pk": 68, "fields": {"job": 14, "skill": 52, "description": ""}}, {"model": "jobsite.jobskill", "pk": 69, "fields": {"job": 14, "skill": 53, "description": ""}}, {"model": "jobsite.jobskill", "pk": 70, "fields": {"job": 14, "skill": 41, "description": ""}}, {"model": "jobsite.jobskill", "pk": 71, "fields": {"job": 15, "skill": 7, "description": ""}}, {"model": "jobsite.jobskill", "pk": 72, "fields": {"job": 15, "skill": 54, "description": ""}}, {"model": "jobsite.jobskill", "pk": 75, "fields": {"job": 15, "skill": 56, "description": ""}}, {"model": "jobsite.jobskill", "pk": 76, "fields": {"job": 15, "skill": 57, "description": ""}}, {"model": "jobsite.jobskill", "pk": 77, "fields": {"job": 15, "skill": 58, "description": ""}}, {"model": "jobsite.jobskill", "pk": 78, "fields": {"job": 15, "skill": 2, "description": ""}}, {"model": "jobsite.jobskill", "pk": 79, "fields": {"job": 15, "skill": 1, "description": ""}}, {"model": "jobsite.jobskill", "pk": 86, "fields": {"job": 26, "skill": 9, "description": "Sinh vi\u00ean n\u0103m cu\u1ed1i/k\u1ebf cu\u1ed1i ho\u1eb7c v\u1eeba t\u1ed1t nghi\u1ec7p, chuy\u00ean ng\u00e0nh CNTT, t\u1ea1i c\u00e1c tr\u01b0\u1eddng \u0110\u1ea1i h\u1ecdc trong v\u00e0 ngo\u00e0i n\u01b0\u1edbc."}}, {"model": "jobsite.jobskill", "pk": 87, "fields": {"job": 26, "skill": 25, "description": "Th\u00e0nh t\u00edch h\u1ecdc t\u1eadp Kh\u00e1, T\u1ed1t."}}, {"model": "jobsite.jobskill", "pk": 88, "fields": {"job": 26, "skill": 11, "description": "N\u1eafm v\u1eefng ki\u1ebfn th\u1ee9c n\u1ec1n t\u1ea3ng v\u1ec1 c\u1ea5u tr\u00fac d\u1eef li\u1ec7u, gi\u1ea3i thu\u1eadt & thu\u1eadt to\u00e1n."}}, {"model": "jobsite.jobskill", "pk": 89, "fields": {"job": 26, "skill": 8, "description": "N\u1eafm v\u1eefng ki\u1ebfn th\u1ee9c n\u1ec1n t\u1ea3ng c\u00e1c ng\u00f4n ng\u1eef l\u1eadp tr\u00ecnh C++, Java v\u00e0 C#."}}, {"model": "jobsite.jobskill", "pk": 90, "fields": {"job": 26, "skill": 59, "description": "C\u00f3 k\u0129 n\u0103ng s\u1eed d\u1ee5ng c\u00e1c game engine th\u00f4ng d\u1ee5ng nh\u01b0 Unity, Coscod2x... l\u00e0 m\u1ed9t \u01b0u th\u1ebf"}}, {"model": "jobsite.jobskill", "pk": 91, "fields": {"job": 26, "skill": 60, "description": "C\u00f3 k\u0129 n\u0103ng s\u1eed d\u1ee5ng c\u00e1c game engine th\u00f4ng d\u1ee5ng nh\u01b0 Unity, Coscod2x... l\u00e0 m\u1ed9t \u01b0u th\u1ebf"}}, {"model": "jobsite.jobskill", "pk": 92, "fields": {"job": 28, "skill": 26, "description": "\u0110ang l\u00e0 sinh vi\u00ean n\u0103m cu\u1ed1i ho\u1eb7c v\u1eeba t\u1ed1t nghi\u1ec7p ng\u00e0nh Khoa H\u1ecdc M\u00e1y T\u00ednh, C\u00f4ng Ngh\u1ec7 Th\u00f4ng Tin & H\u1ec7 th\u1ed1ng th\u00f4ng tin. \r\nC\u00f3 th\u1ec3 \u0111i l\u00e0m fulltime ch\u1eadm nh\u1ea5t l\u00e0 6 th\u00e1ng k\u1ec3 t\u1eeb khi b\u1eaft \u0111\u1ea7u ch\u01b0\u01a1ng tr\u00ecnh VNG Fresher."}}, {"model": "jobsite.jobskill", "pk": 93, "fields": {"job": 28, "skill": 10, "description": "C\u00f3 kh\u1ea3 n\u0103ng \u0111\u1ecdc v\u00e0 nghi\u00ean c\u1ee9u t\u00e0i li\u1ec7u b\u1eb1ng ti\u1ebfng Anh."}}, {"model": "jobsite.jobskill", "pk": 94, "fields": {"job": 28, "skill": 29, "description": "C\u00f3 kh\u1ea3 n\u0103ng giao ti\u1ebfp t\u1ed1t, tr\u00ecnh b\u00e0y v\u00e0 di\u1ec5n \u0111\u1ea1t r\u00f5 r\u00e0ng."}}, {"model": "jobsite.jobskill", "pk": 95, "fields": {"job": 28, "skill": 61, "description": "C\u00f3 \u0111\u1ed3 \u00e1n/d\u1ef1 \u00e1n th\u1ef1c t\u1ebf l\u00e0m v\u1ec1 s\u1ea3n ph\u1ea9m Mobile l\u00e0 m\u1ed9t l\u1ee3i th\u1ebf l\u1edbn."}}, {"model": "jobsite.jobskill", "pk": 96, "fields": {"job": 27, "skill": 8, "description": "N\u1eafm v\u1eefng c\u00e1c ki\u1ebfn th\u1ee9c n\u1ec1n t\u1ea3ng"}}, {"model": "jobsite.jobskill", "pk": 97, "fields": {"job": 27, "skill": 24, "description": "N\u1eafm v\u1eefng ki\u1ebfn th\u1ee9c n\u1ec1n t\u1ea3ng"}}, {"model": "jobsite.jobskill", "pk": 98, "fields": {"job": 27, "skill": 7, "description": "N\u1eafm v\u1eefng ki\u1ebfn th\u1ee9c n\u1ec1n t\u1ea3ng"}}, {"model": "jobsite.jobskill", "pk": 99, "fields": {"job": 27, "skill": 61, "description": "\u0110\u00e3 th\u1ef1c hi\u1ec7n 1 d\u1ef1 \u00e1n th\u1ef1c t\u1ebf l\u00e0 m\u1ed9t l\u1ee3i th\u1ebf"}}, {"model": "jobsite.jobskill", "pk": 100, "fields": {"job": 27, "skill": 27, "description": "C\u00f3 t\u01b0 duy logic r\u00f5 r\u00e0ng"}}, {"model": "jobsite.jobskill", "pk": 101, "fields": {"job": 27, "skill": 28, "description": "C\u00f3 kh\u1ea3 n\u0103ng h\u1ecdc h\u1ecfi nhanh, tinh th\u1ea7n c\u1ea7u ti\u1ebfn, kh\u00f4ng ng\u1ea1i th\u1eed th\u00e1ch."}}, {"model": "jobsite.jobskill", "pk": 102, "fields": {"job": 29, "skill": 1, "description": "C\u00f3 ki\u1ebfn th\u1ee9c v\u1ec1 PHP"}}, {"model": "jobsite.jobskill", "pk": 103, "fields": {"job": 29, "skill": 2, "description": "C\u00f3 ki\u1ebfn th\u1ee9c n\u1ec1n t\u1ea3ng v\u1ec1 MySQL"}}, {"model": "jobsite.jobskill", "pk": 104, "fields": {"job": 29, "skill": 3, "description": "C\u00f3 ki\u1ebfn th\u1ee9c v\u1ec1 HTML"}}, {"model": "jobsite.jobskill", "pk": 105, "fields": {"job": 29, "skill": 4, "description": "C\u00f3 ki\u1ebfn th\u1ee9c v\u1ec1 CSS"}}, {"model": "jobsite.jobskill", "pk": 106, "fields": {"job": 29, "skill": 5, "description": "C\u00f3 ki\u1ebfn th\u1ee9c v\u1ec1 js"}}, {"model": "jobsite.jobskill", "pk": 107, "fields": {"job": 29, "skill": 51, "description": ""}}, {"model": "jobsite.jobskill", "pk": 108, "fields": {"job": 29, "skill": 6, "description": "\u01afu ti\u00ean c\u00e1c b\u1ea1n sinh vi\u00ean \u0111\u00e3 t\u1eebng tham gia c\u00e1c d\u1ef1 \u00e1n PHP/Python."}}, {"model": "jobsite.jobskill", "pk": 109, "fields": {"job": 29, "skill": 28, "description": "Ch\u1ecbu kh\u00f3 h\u1ecdc h\u1ecfi, \u00e1p l\u1ef1c c\u00f4ng vi\u1ec7c cao.\r\nC\u00f3 h\u1ee9ng th\u00fa trong vi\u1ec7c ph\u00e1t tri\u1ec3n Frontend cho website"}}, {"model": "jobsite.jobskill", "pk": 110, "fields": {"job": 30, "skill": 25, "description": "Applicants must hold a university degree [GPA >= 6.5] in computer science, information and communications technology or software engineering"}}, {"model": "jobsite.jobskill", "pk": 111, "fields": {"job": 30, "skill": 11, "description": "Applicants must be good at object-oriented programming concepts. Good knowledge and experience in design patterns; agile development methodology is a plus"}}, {"model": "jobsite.jobskill", "pk": 112, "fields": {"job": 30, "skill": 1, "description": "Basic knowledge in web development using PHP/mySQL is required"}}, {"model": "jobsite.jobskill", "pk": 113, "fields": {"job": 30, "skill": 46, "description": "Previous experience in development tools such as Jira, Wiki, etc. is an advantage"}}, {"model": "jobsite.jobskill", "pk": 114, "fields": {"job": 31, "skill": 10, "description": "English: Fluent English to be able to communicate directly with customers"}}, {"model": "jobsite.jobskill", "pk": 115, "fields": {"job": 31, "skill": 29, "description": "Soft skill: communication, logical thinking, analytical, problem solving, decision-making, negotiation and persuasion skill."}}, {"model": "jobsite.jobskill", "pk": 116, "fields": {"job": 31, "skill": 46, "description": "Obtaining IT knowledge-base\r\nHave knowledge about social network (such as Facebook, Google+, Twitter)\r\nGeneral understanding and experience of business processes as well as an interest to understand a broad range of business models and needs"}}, {"model": "jobsite.jobskill", "pk": 117, "fields": {"job": 31, "skill": 28, "description": "Have a proactive, can do attitude."}}, {"model": "jobsite.jobskill", "pk": 118, "fields": {"job": 32, "skill": 26, "description": "\u0110ang l\u00e0 sinh vi\u00ean n\u0103m cu\u1ed1i ho\u1eb7c v\u1eeba t\u1ed1t nghi\u1ec7p ng\u00e0nh Khoa H\u1ecdc M\u00e1y T\u00ednh, C\u00f4ng Ngh\u1ec7 Th\u00f4ng Tin & H\u1ec7 th\u1ed1ng th\u00f4ng tin. \r\nC\u00f3 th\u1ec3 \u0111i l\u00e0m fulltime ch\u1eadm nh\u1ea5t l\u00e0 6 th\u00e1ng k\u1ec3 t\u1eeb khi b\u1eaft \u0111\u1ea7u ch\u01b0\u01a1ng tr\u00ecnh VNG Fresher."}}, {"model": "jobsite.jobskill", "pk": 119, "fields": {"job": 32, "skill": 10, "description": "C\u00f3 kh\u1ea3 n\u0103ng \u0111\u1ecdc v\u00e0 nghi\u00ean c\u1ee9u t\u00e0i li\u1ec7u b\u1eb1ng ti\u1ebfng Anh."}}, {"model": "jobsite.jobskill", "pk": 120, "fields": {"job": 32, "skill": 29, "description": "C\u00f3 kh\u1ea3 n\u0103ng giao ti\u1ebfp t\u1ed1t, tr\u00ecnh b\u00e0y v\u00e0 di\u1ec5n \u0111\u1ea1t r\u00f5 r\u00e0ng."}}, {"model": "jobsite.jobskill", "pk": 121, "fields": {"job": 32, "skill": 27, "description": "C\u00f3 t\u01b0 duy logic, ph\u1ea3n bi\u1ec7n t\u1ed1t v\u00e0 kh\u1ea3 n\u0103ng ph\u00e2n t\u00edch s\u1ed1 li\u1ec7u."}}, {"model": "jobsite.jobskill", "pk": 122, "fields": {"job": 32, "skill": 46, "description": "C\u00f3 \u0111\u1ed3 \u00e1n/d\u1ef1 \u00e1n th\u1ef1c t\u1ebf l\u00e0m v\u1ec1 s\u1ea3n ph\u1ea9m Mobile l\u00e0 m\u1ed9t l\u1ee3i th\u1ebf l\u1edbn."}}, {"model": "jobsite.jobskill", "pk": 123, "fields": {"job": 33, "skill": 11, "description": "N\u1eafm v\u1eefng ki\u1ebfn th\u1ee9c n\u1ec1n t\u1ea3ng v\u1ec1 c\u1ea5u tr\u00fac d\u1eef li\u1ec7u, gi\u1ea3i thu\u1eadt & thu\u1eadt to\u00e1n."}}, {"model": "jobsite.jobskill", "pk": 124, "fields": {"job": 33, "skill": 8, "description": "N\u1eafm v\u1eefng ki\u1ebfn th\u1ee9c n\u1ec1n t\u1ea3ng m\u1ed9t trong c\u00e1c ng\u00f4n ng\u1eef l\u1eadp tr\u00ecnh"}}, {"model": "jobsite.jobskill", "pk": 125, "fields": {"job": 33, "skill": 46, "description": "\u0110\u00e3 th\u1ef1c hi\u1ec7n 1 d\u1ef1 \u00e1n th\u1ef1c t\u1ebf l\u00e0 m\u1ed9t l\u1ee3i th\u1ebf"}}, {"model": "jobsite.jobskill", "pk": 126, "fields": {"job": 33, "skill": 27, "description": "T\u01b0 duy logic r\u00f5 r\u00e0ng."}}, {"model": "jobsite.jobskill", "pk": 127, "fields": {"job": 33, "skill": 28, "description": "C\u00f3 kh\u1ea3 n\u0103ng h\u1ecdc h\u1ecfi nhanh, tinh th\u1ea7n c\u1ea7u ti\u1ebfn, kh\u00f4ng ng\u1ea1i th\u1eed th\u00e1ch."}}, {"model": "jobsite.jobskill", "pk": 128, "fields": {"job": 34, "skill": 10, "description": "Good English in reading and writing"}}, {"model": "jobsite.jobskill", "pk": 129, "fields": {"job": 34, "skill": 5, "description": "Experience of any JavaScript-based technologies: ReactJS, AngularJS or NodeJS \u2026"}}, {"model": "jobsite.jobskill", "pk": 130, "fields": {"job": 34, "skill": 15, "description": "Experience of source control systems: SVN, Git, VSS \u2026"}}, {"model": "jobsite.jobskill", "pk": 131, "fields": {"job": 34, "skill": 31, "description": "Understanding of J2EE, WebServices, Microservices or Messaging APIs \u2026"}}, {"model": "jobsite.jobskill", "pk": 132, "fields": {"job": 35, "skill": 9, "description": "For fresh graduated or 3rd/4th year students\r\nAt least 6 months of commitment for the internship period (Full-time is preferable)"}}, {"model": "jobsite.jobskill", "pk": 133, "fields": {"job": 35, "skill": 11, "description": "Strong background knowledge in OOP, Data structures and algorithms"}}, {"model": "jobsite.jobskill", "pk": 134, "fields": {"job": 35, "skill": 3, "description": "Some knowledge and experience with HTML"}}, {"model": "jobsite.jobskill", "pk": 135, "fields": {"job": 35, "skill": 4, "description": "Some knowledge and experience with CSS"}}, {"model": "jobsite.jobskill", "pk": 136, "fields": {"job": 35, "skill": 5, "description": "Some knowledge and experience with JavaScript"}}, {"model": "jobsite.jobskill", "pk": 137, "fields": {"job": 35, "skill": 15, "description": "Already worked with some source version controls: Git/SVN"}}, {"model": "jobsite.jobskill", "pk": 138, "fields": {"job": 35, "skill": 10, "description": "Good communication skills in both English and Vietnamese is a plus"}}, {"model": "jobsite.jobskill", "pk": 139, "fields": {"job": 36, "skill": 11, "description": "N\u1eafm v\u1eefng ki\u1ebfn th\u1ee9c n\u1ec1n t\u1ea3ng v\u1ec1 c\u1ea5u tr\u00fac d\u1eef li\u1ec7u, gi\u1ea3i thu\u1eadt & thu\u1eadt to\u00e1n."}}, {"model": "jobsite.jobskill", "pk": 140, "fields": {"job": 36, "skill": 8, "description": "N\u1eafm v\u1eefng ki\u1ebfn th\u1ee9c n\u1ec1n t\u1ea3ng m\u1ed9t trong c\u00e1c ng\u00f4n ng\u1eef l\u1eadp tr\u00ecnh C++, Java v\u00e0 C#."}}, {"model": "jobsite.jobskill", "pk": 141, "fields": {"job": 36, "skill": 7, "description": "N\u1eafm v\u1eefng ki\u1ebfn th\u1ee9c n\u1ec1n t\u1ea3ng m\u1ed9t trong c\u00e1c ng\u00f4n ng\u1eef l\u1eadp tr\u00ecnh C++, Java v\u00e0 C#."}}, {"model": "jobsite.jobskill", "pk": 142, "fields": {"job": 36, "skill": 24, "description": "N\u1eafm v\u1eefng ki\u1ebfn th\u1ee9c n\u1ec1n t\u1ea3ng m\u1ed9t trong c\u00e1c ng\u00f4n ng\u1eef l\u1eadp tr\u00ecnh C++, Java v\u00e0 C#."}}, {"model": "jobsite.jobskill", "pk": 143, "fields": {"job": 37, "skill": 11, "description": "C\u00f3 ki\u1ebfn th\u1ee9c n\u1ec1n t\u1ea3ng v\u1ec1 c\u1ea5u tr\u00fac d\u1eef li\u1ec7u, gi\u1ea3i thu\u1eadt & thu\u1eadt to\u00e1n."}}, {"model": "jobsite.jobskill", "pk": 144, "fields": {"job": 37, "skill": 24, "description": "C\u00f3 ki\u1ebfn th\u1ee9c n\u1ec1n t\u1ea3ng m\u1ed9t trong c\u00e1c ng\u00f4n ng\u1eef l\u1eadp tr\u00ecnh C++, Java v\u00e0 C#."}}, {"model": "jobsite.jobskill", "pk": 145, "fields": {"job": 37, "skill": 7, "description": "C\u00f3 ki\u1ebfn th\u1ee9c n\u1ec1n t\u1ea3ng m\u1ed9t trong c\u00e1c ng\u00f4n ng\u1eef l\u1eadp tr\u00ecnh C++, Java v\u00e0 C#."}}, {"model": "jobsite.jobskill", "pk": 146, "fields": {"job": 37, "skill": 8, "description": "C\u00f3 ki\u1ebfn th\u1ee9c n\u1ec1n t\u1ea3ng m\u1ed9t trong c\u00e1c ng\u00f4n ng\u1eef l\u1eadp tr\u00ecnh C++, Java v\u00e0 C#."}}, {"model": "jobsite.jobskill", "pk": 147, "fields": {"job": 38, "skill": 48, "description": "Interested in Mobile Programming (iOS) or Testing."}}, {"model": "jobsite.jobskill", "pk": 148, "fields": {"job": 38, "skill": 25, "description": "GPA: over 7.0 is a plus."}}, {"model": "jobsite.jobskill", "pk": 149, "fields": {"job": 38, "skill": 28, "description": "Good teamwork attitude and eager to learn new technologies."}}, {"model": "jobsite.jobskill", "pk": 150, "fields": {"job": 38, "skill": 9, "description": "Internship Student, IT Major."}}, {"model": "jobsite.jobskill", "pk": 151, "fields": {"job": 39, "skill": 10, "description": "Good English in reading and writing"}}, {"model": "jobsite.jobskill", "pk": 152, "fields": {"job": 39, "skill": 46, "description": "Experience doing software testing in a professional environment"}}, {"model": "jobsite.jobskill", "pk": 153, "fields": {"job": 39, "skill": 11, "description": "Average programming skills in any practical programming languages: Java, .NET, PHP, JavaScript \u2026"}}, {"model": "jobsite.jobbenefit", "pk": 1, "fields": {"job": 1, "benefit": 1, "description": "Thu nh\u1eadp h\u1ea5p d\u1eabn."}}, {"model": "jobsite.jobbenefit", "pk": 2, "fields": {"job": 1, "benefit": 2, "description": "H\u1ed7 tr\u1ee3 c\u01a1m tr\u01b0a, tr\u00e0 caf\u00e9 mi\u1ec5n ph\u00ed."}}, {"model": "jobsite.jobbenefit", "pk": 3, "fields": {"job": 1, "benefit": 3, "description": "\u0110\u01b0\u1ee3c s\u1eed d\u1ee5ng mi\u1ec5n ph\u00ed ph\u00f2ng gym hi\u1ec7n \u0111\u1ea1i v\u00e0 c\u00e1c ho\u1ea1t \u0111\u1ed9ng th\u1ec3 d\u1ee5c, th\u1ec3 thao: c\u1ea7u l\u00f4ng, tennis, b\u01a1i l\u1ed9i,\u2026"}}, {"model": "jobsite.jobbenefit", "pk": 4, "fields": {"job": 1, "benefit": 5, "description": "\u0110\u01b0\u1ee3c h\u1ecdc h\u1ecfi t\u1eeb c\u00e1c chuy\u00ean gia h\u00e0ng \u0111\u1ea7u trong ng\u00e0nh Internet. \u0110\u01b0\u1ee3c \u0111\u00e0o t\u1ea1o b\u00e0i b\u1ea3n v\u1ec1 chuy\u00ean m\u00f4n v\u00e0 l\u00e0m vi\u1ec7c th\u1ef1c t\u1ebf trong c\u00e1c s\u1ea3n ph\u1ea9m h\u00e0ng ch\u1ee5c tri\u1ec7u s\u1eed d\u1ee5ng."}}, {"model": "jobsite.jobbenefit", "pk": 5, "fields": {"job": 1, "benefit": 4, "description": "S\u1edf h\u1eefu c\u01a1 h\u1ed9i tr\u1edf th\u00e0nh nh\u00e2n vi\u00ean ch\u00ednh th\u1ee9c t\u1ea1i VNG."}}, {"model": "jobsite.jobbenefit", "pk": 6, "fields": {"job": 2, "benefit": 1, "description": "Thu nh\u1eadp h\u1ea5p d\u1eabn"}}, {"model": "jobsite.jobbenefit", "pk": 7, "fields": {"job": 2, "benefit": 2, "description": "H\u1ed7 tr\u1ee3 c\u01a1m tr\u01b0a, tr\u00e0 caf\u00e9 mi\u1ec5n ph\u00ed"}}, {"model": "jobsite.jobbenefit", "pk": 8, "fields": {"job": 2, "benefit": 3, "description": "\u0110\u01b0\u1ee3c s\u1eed d\u1ee5ng mi\u1ec5n ph\u00ed ph\u00f2ng gym hi\u1ec7n \u0111\u1ea1i v\u00e0 c\u00e1c ho\u1ea1t \u0111\u1ed9ng th\u1ec3 d\u1ee5c, th\u1ec3 thao: c\u1ea7u l\u00f4ng, tennis, b\u01a1i l\u1ed9i,\u2026"}}, {"model": "jobsite.jobbenefit", "pk": 9, "fields": {"job": 2, "benefit": 4, "description": "S\u1edf h\u1eefu c\u01a1 h\u1ed9i tr\u1edf th\u00e0nh nh\u00e2n vi\u00ean ch\u00ednh th\u1ee9c t\u1ea1i VNG."}}, {"model": "jobsite.jobbenefit", "pk": 10, "fields": {"job": 2, "benefit": 5, "description": "\u0110\u01b0\u1ee3c h\u1ecdc h\u1ecfi t\u1eeb c\u00e1c chuy\u00ean gia h\u00e0ng \u0111\u1ea7u trong ng\u00e0nh Internet.\r\n\u0110\u01b0\u1ee3c \u0111\u00e0o t\u1ea1o b\u00e0i b\u1ea3n v\u1ec1 chuy\u00ean m\u00f4n v\u00e0 l\u00e0m vi\u1ec7c th\u1ef1c t\u1ebf trong c\u00e1c s\u1ea3n ph\u1ea9m h\u00e0ng ch\u1ee5c tri\u1ec7u s\u1eed d\u1ee5ng."}}, {"model": "jobsite.jobbenefit", "pk": 11, "fields": {"job": 3, "benefit": 4, "description": "Tham gia thi\u1ebft k\u1ebf ki\u1ebfn tr\u00fac h\u1ec7 th\u1ed1ng v\u00e0 ch\u1ee9c n\u0103ng\r\nTrao \u0111\u1ed5i \u0111\u1ec3 l\u00e0m r\u00f5 ho\u1eb7c l\u1ea5y y\u00eau c\u1ea7u kh\u00e1ch h\u00e0ng (English or Japanese)\r\nPh\u00e1t tri\u1ec3n c\u00e1c \u1ee9ng d\u1ee5ng ERP v\u00e0 BI (Businees intelligent)\r\n\u1ee8ng d\u1ee5ng c\u00f4ng ngh\u1ec7  \u0111\u1ec3 ph\u00e1t tri\u1ec3n c\u00e1c \u1ee9ng d\u1ee5ng hay h\u1ec7 th\u1ed1ng v\u1ec7 tinh"}}, {"model": "jobsite.jobbenefit", "pk": 12, "fields": {"job": 3, "benefit": 1, "description": "V\u00e0o d\u1ef1 \u00e1n (On-job training) c\u00f3 ph\u1ee5 c\u1ea5p 3-5 tri\u1ec7u/ng\u01b0\u1eddi t\u00f9y v\u00e0o n\u0103ng l\u1ef1c"}}, {"model": "jobsite.jobbenefit", "pk": 13, "fields": {"job": 3, "benefit": 5, "description": "\u0110\u01b0\u1ee3c \u0111\u00e0o t\u1ea1o b\u00e0i b\u1ea3n v\u1ec1 quy tr\u00ecnh, c\u00f4ng ngh\u1ec7 v\u00e0 c\u00e1c ki\u1ebfn th\u1ee9c c\u1ea7n thi\u1ebft cho c\u00f4ng vi\u1ec7c trong ng\u00e0nh CNTT."}}, {"model": "jobsite.jobbenefit", "pk": 14, "fields": {"job": 4, "benefit": 5, "description": "Be trained and developed on development skills"}}, {"model": "jobsite.jobbenefit", "pk": 15, "fields": {"job": 4, "benefit": 6, "description": "Work in friendly and professional working environment\r\nExperience team and company activities"}}, {"model": "jobsite.jobbenefit", "pk": 16, "fields": {"job": 4, "benefit": 1, "description": "Competitive internship allowance"}}, {"model": "jobsite.jobbenefit", "pk": 17, "fields": {"job": 4, "benefit": 7, "description": "Flexible working time"}}, {"model": "jobsite.jobbenefit", "pk": 18, "fields": {"job": 4, "benefit": 4, "description": "Be able to turn your internship into a career stepping stone"}}, {"model": "jobsite.jobbenefit", "pk": 19, "fields": {"job": 5, "benefit": 5, "description": "Be trained and developed skills regarding to AI field"}}, {"model": "jobsite.jobbenefit", "pk": 20, "fields": {"job": 5, "benefit": 6, "description": "Work in friendly and professional working environment\r\nExperience team and company activities"}}, {"model": "jobsite.jobbenefit", "pk": 21, "fields": {"job": 5, "benefit": 1, "description": "Competitive internship allowance"}}, {"model": "jobsite.jobbenefit", "pk": 22, "fields": {"job": 6, "benefit": 8, "description": "16 ng\u00e0y ph\u00e9p / n\u0103m"}}, {"model": "jobsite.jobbenefit", "pk": 23, "fields": {"job": 6, "benefit": 9, "description": "Th\u01b0\u1edfng 1 n\u0103m 4 th\u00e1ng l\u01b0\u01a1ng"}}, {"model": "jobsite.jobbenefit", "pk": 24, "fields": {"job": 6, "benefit": 10, "description": "H\u1ed7 tr\u1ee3 c\u01a1m tr\u01b0a"}}, {"model": "jobsite.jobbenefit", "pk": 25, "fields": {"job": 6, "benefit": 11, "description": "M\u1eebng sinh nh\u1eadt c\u00e1 nh\u00e2n\r\nM\u1eebng sinh nh\u1eadt C\u00f4ng ty\r\nM\u1eebng \u0111\u00e1m c\u01b0\u1edbi - M\u1eebng sinh con\r\nTi\u1ec7c C\u00f4ng ty: \u00edt nh\u1ea5t 2 l\u1ea7n/ n\u0103m"}}, {"model": "jobsite.jobbenefit", "pk": 26, "fields": {"job": 6, "benefit": 12, "description": "Team Building: \u00edt nh\u1ea5t 1 l\u1ea7n/ n\u0103m"}}, {"model": "jobsite.jobbenefit", "pk": 27, "fields": {"job": 6, "benefit": 13, "description": "Kh\u00e1m s\u1ee9c kh\u1ecfe \u0111\u1ecbnh k\u1ef3"}}, {"model": "jobsite.jobbenefit", "pk": 28, "fields": {"job": 7, "benefit": 14, "description": "iMac is provided for work."}}, {"model": "jobsite.jobbenefit", "pk": 29, "fields": {"job": 7, "benefit": 6, "description": "Working in a professional, friendly, well-equipped environment both with Japanese and Vietnamese."}}, {"model": "jobsite.jobbenefit", "pk": 30, "fields": {"job": 7, "benefit": 1, "description": "Review salary 2 times a year.\r\nMonth 13th salary.\r\nBonus base on performance."}}, {"model": "jobsite.jobbenefit", "pk": 31, "fields": {"job": 7, "benefit": 4, "description": "Career path promotional opportunities."}}, {"model": "jobsite.jobbenefit", "pk": 32, "fields": {"job": 7, "benefit": 8, "description": "Labor contract, insurance, annual days off are based on Vietnamese law."}}, {"model": "jobsite.jobbenefit", "pk": 33, "fields": {"job": 7, "benefit": 11, "description": "Birthday party, Welcome party Team building events or monthly company party.\r\nCompany trip each year."}}, {"model": "jobsite.jobbenefit", "pk": 34, "fields": {"job": 7, "benefit": 7, "description": "40 hour work weeks (8:00-17:30, Mon-Fri)."}}, {"model": "jobsite.jobbenefit", "pk": 35, "fields": {"job": 7, "benefit": 8, "description": "14 days of vacation per year."}}, {"model": "jobsite.jobbenefit", "pk": 36, "fields": {"job": 9, "benefit": 5, "description": "\u0110\u01b0\u1ee3c \u0111\u00e0o t\u1ea1o k\u1ef9 n\u0103ng chuy\u00ean m\u00f4n, k\u1ef9 n\u0103ng m\u1ec1m b\u00e0i b\u1ea3n, c\u00f3 c\u01a1 h\u1ed9i \u0111\u01b0\u1ee3c \"chinh chi\u1ebfn\" c\u00f9ng nhi\u1ec1u nh\u00f3m d\u1ef1 \u00e1n th\u1ef1c t\u1ebf"}}, {"model": "jobsite.jobbenefit", "pk": 37, "fields": {"job": 9, "benefit": 6, "description": "\u0110\u01b0\u1ee3c l\u00e0m vi\u1ec7c trong m\u00f4i tr\u01b0\u1eddng th\u00e2n thi\u1ec7n, chuy\u00ean nghi\u1ec7p\r\nS\u1eed d\u1ee5ng s\u00e2n b\u00f3ng \u0111\u00e1, b\u00f3ng r\u1ed5, b\u00f3ng chuy\u1ec1n, c\u1ea7u l\u00f4ng, ph\u00f2ng t\u1eadp gym mi\u1ec5n ph\u00ed"}}, {"model": "jobsite.jobbenefit", "pk": 38, "fields": {"job": 9, "benefit": 11, "description": "\u0102n, ch\u01a1i, ng\u1ee7, tham gia c\u00e1c ho\u1ea1t \u0111\u1ed9ng mang \u0111\u1eadm d\u1ea5u \u1ea5n FSoft"}}, {"model": "jobsite.jobbenefit", "pk": 39, "fields": {"job": 9, "benefit": 4, "description": "S\u1edf h\u1eefu c\u01a1 h\u1ed9i tr\u1edf th\u00e0nh nh\u00e2n vi\u00ean ch\u00ednh th\u1ee9c sau th\u1eddi gian th\u1ef1c t\u1eadp"}}, {"model": "jobsite.jobbenefit", "pk": 40, "fields": {"job": 15, "benefit": 1, "description": "Sau khi tr\u1ea3i qua m\u1ed9t th\u00e1ng training c\u1ee7a ch\u01b0\u01a1ng tr\u00ecnh Direct Entry v\u00e0 \u0111\u1eb7t b\u00fat k\u00fd h\u1ee3p \u0111\u1ed3ng tr\u1edf th\u00e0nh m\u1ed9t Nasher, m\u1ee9c l\u01b0\u01a1ng c\u00f3 th\u1ec3 ch\u00eanh l\u1ec7ch tu\u1ef3 v\u00e0o n\u0103ng l\u1ef1c c\u00e1 nh\u00e2n, nh\u01b0ng \u0111\u1ea3m b\u1ea3o thu nh\u1eadp c\u1ee7a c\u00e1c b\u1ea1n s\u1ebd kh\u00f4ng d\u01b0\u1edbi 10.000.000 VN\u0110!"}}, {"model": "jobsite.jobbenefit", "pk": 46, "fields": {"job": 26, "benefit": 1, "description": "Thu nh\u1eadp h\u1ea5p d\u1eabn v\u00e0 nhi\u1ec1u h\u1ed7 tr\u1ee3 kh\u00e1c."}}, {"model": "jobsite.jobbenefit", "pk": 47, "fields": {"job": 26, "benefit": 4, "description": "C\u01a1 h\u1ed9i tr\u1edf th\u00e0nh Game Developer ch\u00ednh th\u1ee9c t\u1ea1i VNG."}}, {"model": "jobsite.jobbenefit", "pk": 48, "fields": {"job": 26, "benefit": 5, "description": "\u0110\u01b0\u1ee3c \u0111\u00e0o t\u1ea1o b\u00e0i b\u1ea3n v\u1ec1 chuy\u00ean m\u00f4n v\u00e0 l\u00e0m vi\u1ec7c th\u1ef1c t\u1ebf trong c\u00e1c d\u1ef1 \u00e1n game h\u00e0ng ch\u1ee5c tri\u1ec7u ng\u01b0\u1eddi ch\u01a1i.\r\n\u0110\u01b0\u1ee3c h\u1ecdc h\u1ecfi t\u1eeb c\u00e1c chuy\u00ean gia h\u00e0ng \u0111\u1ea7u trong ng\u00e0nh game."}}, {"model": "jobsite.jobbenefit", "pk": 49, "fields": {"job": 28, "benefit": 1, "description": "Thu nh\u1eadp h\u1ea5p d\u1eabn v\u00e0 nhi\u1ec1u h\u1ed7 tr\u1ee3 kh\u00e1c."}}, {"model": "jobsite.jobbenefit", "pk": 50, "fields": {"job": 28, "benefit": 2, "description": "\u0110\u01b0\u1ee3c h\u1ed7 tr\u1ee3 c\u01a1m tr\u01b0a."}}, {"model": "jobsite.jobbenefit", "pk": 51, "fields": {"job": 28, "benefit": 5, "description": "\u0110\u01b0\u1ee3c h\u1ecdc h\u1ecfi t\u1eeb c\u00e1c chuy\u00ean gia h\u00e0ng \u0111\u1ea7u trong ng\u00e0nh internet.\r\nTham gia l\u00e0m vi\u1ec7c trong c\u00e1c s\u1ea3n ph\u1ea9m th\u1ef1c t\u1ebf v\u1edbi h\u00e0ng ch\u1ee5c tri\u1ec7u ng\u01b0\u1eddi s\u1eed d\u1ee5ng."}}, {"model": "jobsite.jobbenefit", "pk": 52, "fields": {"job": 28, "benefit": 4, "description": "S\u1edf h\u1eefu c\u01a1 h\u1ed9i tr\u1edf th\u00e0nh nh\u00e2n vi\u00ean ch\u00ednh th\u1ee9c c\u1ee7a VNG sau th\u1eddi gian tham gia ch\u01b0\u01a1ng tr\u00ecnh."}}, {"model": "jobsite.jobbenefit", "pk": 53, "fields": {"job": 27, "benefit": 1, "description": "Thu nh\u1eadp h\u1ea5p d\u1eabn"}}, {"model": "jobsite.jobbenefit", "pk": 54, "fields": {"job": 27, "benefit": 3, "description": "\u0110\u01b0\u1ee3c s\u1eed d\u1ee5ng mi\u1ec5n ph\u00ed ph\u00f2ng gym hi\u1ec7n \u0111\u1ea1i v\u00e0 c\u00e1c ho\u1ea1t \u0111\u1ed9ng th\u1ec3 d\u1ee5c, th\u1ec3 thao: c\u1ea7u l\u00f4ng, tennis, b\u01a1i l\u1ed9i,\u2026"}}, {"model": "jobsite.jobbenefit", "pk": 55, "fields": {"job": 27, "benefit": 4, "description": "S\u1edf h\u1eefu c\u01a1 h\u1ed9i tr\u1edf th\u00e0nh nh\u00e2n vi\u00ean ch\u00ednh th\u1ee9c t\u1ea1i VNG."}}, {"model": "jobsite.jobbenefit", "pk": 56, "fields": {"job": 27, "benefit": 5, "description": "\u0110\u01b0\u1ee3c h\u1ecdc h\u1ecfi t\u1eeb c\u00e1c chuy\u00ean gia h\u00e0ng \u0111\u1ea7u trong ng\u00e0nh Internet.\r\n\u0110\u01b0\u1ee3c \u0111\u00e0o t\u1ea1o b\u00e0i b\u1ea3n v\u1ec1 chuy\u00ean m\u00f4n v\u00e0 l\u00e0m vi\u1ec7c th\u1ef1c t\u1ebf trong c\u00e1c s\u1ea3n ph\u1ea9m h\u00e0ng ch\u1ee5c tri\u1ec7u s\u1eed d\u1ee5ng."}}, {"model": "jobsite.jobbenefit", "pk": 57, "fields": {"job": 29, "benefit": 1, "description": "Thu nh\u1eadp h\u1ea5p d\u1eabn"}}, {"model": "jobsite.jobbenefit", "pk": 58, "fields": {"job": 29, "benefit": 3, "description": "\u0110\u01b0\u1ee3c s\u1eed d\u1ee5ng mi\u1ec5n ph\u00ed ph\u00f2ng gym hi\u1ec7n \u0111\u1ea1i v\u00e0 c\u00e1c ho\u1ea1t \u0111\u1ed9ng th\u1ec3 d\u1ee5c, th\u1ec3 thao: c\u1ea7u l\u00f4ng, tennis, b\u01a1i l\u1ed9i,\u2026"}}, {"model": "jobsite.jobbenefit", "pk": 59, "fields": {"job": 29, "benefit": 10, "description": "H\u1ed7 tr\u1ee3 c\u01a1m tr\u01b0a, tr\u00e0 caf\u00e9 mi\u1ec5n ph\u00ed"}}, {"model": "jobsite.jobbenefit", "pk": 60, "fields": {"job": 29, "benefit": 4, "description": "S\u1edf h\u1eefu c\u01a1 h\u1ed9i tr\u1edf th\u00e0nh nh\u00e2n vi\u00ean ch\u00ednh th\u1ee9c t\u1ea1i VNG."}}, {"model": "jobsite.jobbenefit", "pk": 61, "fields": {"job": 29, "benefit": 5, "description": "\u0110\u01b0\u1ee3c h\u1ecdc h\u1ecfi t\u1eeb c\u00e1c chuy\u00ean gia h\u00e0ng \u0111\u1ea7u trong ng\u00e0nh Internet.\r\n\u0110\u01b0\u1ee3c \u0111\u00e0o t\u1ea1o b\u00e0i b\u1ea3n v\u1ec1 chuy\u00ean m\u00f4n v\u00e0 l\u00e0m vi\u1ec7c th\u1ef1c t\u1ebf trong c\u00e1c s\u1ea3n ph\u1ea9m h\u00e0ng ch\u1ee5c tri\u1ec7u s\u1eed d\u1ee5ng."}}, {"model": "jobsite.jobbenefit", "pk": 62, "fields": {"job": 30, "benefit": 1, "description": "Basic salary, 13th month salary"}}, {"model": "jobsite.jobbenefit", "pk": 63, "fields": {"job": 30, "benefit": 3, "description": "Periodic health examination"}}, {"model": "jobsite.jobbenefit", "pk": 64, "fields": {"job": 30, "benefit": 11, "description": "Company trip each year"}}, {"model": "jobsite.jobbenefit", "pk": 65, "fields": {"job": 30, "benefit": 12, "description": "Team building 4 times each year"}}, {"model": "jobsite.jobbenefit", "pk": 66, "fields": {"job": 31, "benefit": 1, "description": "Basic salary, 13th month salary"}}, {"model": "jobsite.jobbenefit", "pk": 67, "fields": {"job": 31, "benefit": 3, "description": "Periodic health examination"}}, {"model": "jobsite.jobbenefit", "pk": 68, "fields": {"job": 31, "benefit": 11, "description": "Company trip each year"}}, {"model": "jobsite.jobbenefit", "pk": 69, "fields": {"job": 31, "benefit": 12, "description": "Team building 4 times each year"}}, {"model": "jobsite.jobbenefit", "pk": 70, "fields": {"job": 32, "benefit": 1, "description": "Thu nh\u1eadp \u1ed5n \u0111\u1ecbnh, c\u1ea1nh tranh."}}, {"model": "jobsite.jobbenefit", "pk": 71, "fields": {"job": 32, "benefit": 6, "description": "Kh\u1edfi ngu\u1ed3n l\u00e0 nh\u1eefng ng\u01b0\u1eddi b\u1ea1n chung tay l\u1eadp nghi\u1ec7p, VNG lu\u00f4n c\u1ed1 g\u1eafng duy tr\u00ec m\u00f4i tr\u01b0\u1eddng l\u00e0m vi\u1ec7c th\u00e2n thi\u1ec7n v\u00e0 c\u1edfi m\u1edf. Ng\u01b0\u1eddi VNG lu\u00f4n s\u1eb5n s\u00e0ng chia s\u1ebb, chung tay gi\u1ea3i quy\u1ebft m\u1ecdi v\u1ea5n \u0111\u1ec1."}}, {"model": "jobsite.jobbenefit", "pk": 72, "fields": {"job": 32, "benefit": 3, "description": "Th\u01b0 vi\u1ec7n, ph\u00f2ng t\u1eadp gym mi\u1ec5n ph\u00ed cho to\u00e0n b\u1ed9 nh\u00e2n vi\u00ean h\u1ecdc t\u1eadp v\u00e0 r\u00e8n luy\u1ec7n s\u1ee9c kh\u1ecfe h\u00e0ng ng\u00e0y."}}, {"model": "jobsite.jobbenefit", "pk": 73, "fields": {"job": 32, "benefit": 4, "description": "Ch\u00fang t\u00f4i coi tr\u1ecdng vi\u1ec7c h\u1ecdc v\u00e0 t\u1ea1o \u0111i\u1ec1u ki\u1ec7n cho m\u1ecdi ng\u01b0\u1eddi r\u00e8n luy\u1ec7n \u1edf m\u1ecdi l\u00fac m\u1ecdi n\u01a1i. VNG c\u00f3 h\u00e0ng lo\u1ea1t c\u00e1c kh\u00f3a training cho th\u00e0nh vi\u00ean c\u00e1c nh\u00f3m ngh\u1ec1 nghi\u1ec7p t\u1eeb K\u1ef9 thu\u1eadt. Ng\u01b0\u1eddi VNG c\u0169ng th\u01b0\u1eddng xuy\u00ean \u0111\u01b0\u1ee3c c\u1eed \u0111i th\u1ef1c t\u1ebf \u1edf n\u01b0\u1edbc ngo\u00e0i."}}, {"model": "jobsite.jobbenefit", "pk": 74, "fields": {"job": 33, "benefit": 1, "description": "Thu nh\u1eadp h\u1ea5p d\u1eabn"}}, {"model": "jobsite.jobbenefit", "pk": 75, "fields": {"job": 33, "benefit": 2, "description": "H\u1ed7 tr\u1ee3 c\u01a1m tr\u01b0a, tr\u00e0 caf\u00e9 mi\u1ec5n ph\u00ed"}}, {"model": "jobsite.jobbenefit", "pk": 76, "fields": {"job": 33, "benefit": 3, "description": "\u0110\u01b0\u1ee3c s\u1eed d\u1ee5ng mi\u1ec5n ph\u00ed ph\u00f2ng gym hi\u1ec7n \u0111\u1ea1i v\u00e0 c\u00e1c ho\u1ea1t \u0111\u1ed9ng th\u1ec3 d\u1ee5c, th\u1ec3 thao: c\u1ea7u l\u00f4ng, tennis, b\u01a1i l\u1ed9i,\u2026"}}, {"model": "jobsite.jobbenefit", "pk": 77, "fields": {"job": 33, "benefit": 4, "description": "S\u1edf h\u1eefu c\u01a1 h\u1ed9i tr\u1edf th\u00e0nh nh\u00e2n vi\u00ean ch\u00ednh th\u1ee9c t\u1ea1i VNG."}}, {"model": "jobsite.jobbenefit", "pk": 78, "fields": {"job": 33, "benefit": 5, "description": "\u0110\u01b0\u1ee3c h\u1ecdc h\u1ecfi t\u1eeb c\u00e1c chuy\u00ean gia h\u00e0ng \u0111\u1ea7u trong ng\u00e0nh Internet.\r\n\u0110\u01b0\u1ee3c \u0111\u00e0o t\u1ea1o b\u00e0i b\u1ea3n v\u1ec1 chuy\u00ean m\u00f4n v\u00e0 l\u00e0m vi\u1ec7c th\u1ef1c t\u1ebf trong c\u00e1c s\u1ea3n ph\u1ea9m h\u00e0ng ch\u1ee5c tri\u1ec7u s\u1eed d\u1ee5ng."}}, {"model": "jobsite.jobbenefit", "pk": 79, "fields": {"job": 34, "benefit": 6, "description": "Great working environment"}}, {"model": "jobsite.jobbenefit", "pk": 80, "fields": {"job": 34, "benefit": 9, "description": "Performance appraisal twice a year"}}, {"model": "jobsite.jobbenefit", "pk": 81, "fields": {"job": 34, "benefit": 3, "description": "Premium healthcare insurance (provided by AON this year) for you and your loved ones"}}, {"model": "jobsite.jobbenefit", "pk": 82, "fields": {"job": 34, "benefit": 4, "description": "Onsite opportunities: short-term and long-term assignments in The United States of America"}}, {"model": "jobsite.jobbenefit", "pk": 83, "fields": {"job": 34, "benefit": 11, "description": "Company trip in every summer, at least 2 team building gatherings and big annual year-end party every year\r\nCommitment to community development: charity every quarter, blood donation, public seminars, career orientation talks\u2026\r\nSport activities"}}, {"model": "jobsite.jobbenefit", "pk": 84, "fields": {"job": 35, "benefit": 5, "description": "Be trained and developed on development skills"}}, {"model": "jobsite.jobbenefit", "pk": 85, "fields": {"job": 35, "benefit": 6, "description": "Work in friendly and professional working environment"}}, {"model": "jobsite.jobbenefit", "pk": 86, "fields": {"job": 35, "benefit": 4, "description": "Competitive internship allowance\r\nBe able to turn your internship into a career stepping stone"}}, {"model": "jobsite.jobbenefit", "pk": 87, "fields": {"job": 35, "benefit": 7, "description": "Flexible working time"}}, {"model": "jobsite.jobbenefit", "pk": 88, "fields": {"job": 36, "benefit": 1, "description": "Thu nh\u1eadp h\u1ea5p d\u1eabn"}}, {"model": "jobsite.jobbenefit", "pk": 89, "fields": {"job": 36, "benefit": 2, "description": "H\u1ed7 tr\u1ee3 c\u01a1m tr\u01b0a, tr\u00e0 caf\u00e9 mi\u1ec5n ph\u00ed"}}, {"model": "jobsite.jobbenefit", "pk": 90, "fields": {"job": 36, "benefit": 3, "description": "\u0110\u01b0\u1ee3c s\u1eed d\u1ee5ng mi\u1ec5n ph\u00ed ph\u00f2ng gym hi\u1ec7n \u0111\u1ea1i v\u00e0 c\u00e1c ho\u1ea1t \u0111\u1ed9ng th\u1ec3 d\u1ee5c, th\u1ec3 thao: c\u1ea7u l\u00f4ng, tennis, b\u01a1i l\u1ed9i,\u2026"}}, {"model": "jobsite.jobbenefit", "pk": 91, "fields": {"job": 36, "benefit": 4, "description": "S\u1edf h\u1eefu c\u01a1 h\u1ed9i tr\u1edf th\u00e0nh nh\u00e2n vi\u00ean ch\u00ednh th\u1ee9c t\u1ea1i VNG."}}, {"model": "jobsite.jobbenefit", "pk": 92, "fields": {"job": 36, "benefit": 5, "description": "\u0110\u01b0\u1ee3c h\u1ecdc h\u1ecfi t\u1eeb c\u00e1c chuy\u00ean gia h\u00e0ng \u0111\u1ea7u trong ng\u00e0nh Internet.\r\n\u0110\u01b0\u1ee3c \u0111\u00e0o t\u1ea1o b\u00e0i b\u1ea3n v\u1ec1 chuy\u00ean m\u00f4n v\u00e0 l\u00e0m vi\u1ec7c th\u1ef1c t\u1ebf trong c\u00e1c s\u1ea3n ph\u1ea9m h\u00e0ng ch\u1ee5c tri\u1ec7u s\u1eed d\u1ee5ng."}}, {"model": "jobsite.jobbenefit", "pk": 93, "fields": {"job": 37, "benefit": 1, "description": "Thu nh\u1eadp h\u1ea5p d\u1eabn"}}, {"model": "jobsite.jobbenefit", "pk": 94, "fields": {"job": 37, "benefit": 2, "description": "H\u1ed7 tr\u1ee3 c\u01a1m tr\u01b0a, tr\u00e0 caf\u00e9 mi\u1ec5n ph\u00ed"}}, {"model": "jobsite.jobbenefit", "pk": 95, "fields": {"job": 37, "benefit": 3, "description": "\u0110\u01b0\u1ee3c s\u1eed d\u1ee5ng mi\u1ec5n ph\u00ed ph\u00f2ng gym hi\u1ec7n \u0111\u1ea1i v\u00e0 c\u00e1c ho\u1ea1t \u0111\u1ed9ng th\u1ec3 d\u1ee5c, th\u1ec3 thao: c\u1ea7u l\u00f4ng, tennis, b\u01a1i l\u1ed9i,\u2026"}}, {"model": "jobsite.jobbenefit", "pk": 96, "fields": {"job": 37, "benefit": 4, "description": "S\u1edf h\u1eefu c\u01a1 h\u1ed9i tr\u1edf th\u00e0nh nh\u00e2n vi\u00ean ch\u00ednh th\u1ee9c t\u1ea1i VNG."}}, {"model": "jobsite.jobbenefit", "pk": 97, "fields": {"job": 37, "benefit": 5, "description": "\u0110\u01b0\u1ee3c h\u1ecdc h\u1ecfi t\u1eeb c\u00e1c chuy\u00ean gia h\u00e0ng \u0111\u1ea7u trong ng\u00e0nh Internet.\r\n\u0110\u01b0\u1ee3c \u0111\u00e0o t\u1ea1o b\u00e0i b\u1ea3n v\u1ec1 chuy\u00ean m\u00f4n v\u00e0 l\u00e0m vi\u1ec7c th\u1ef1c t\u1ebf trong c\u00e1c s\u1ea3n ph\u1ea9m h\u00e0ng ch\u1ee5c tri\u1ec7u s\u1eed d\u1ee5ng."}}, {"model": "jobsite.jobbenefit", "pk": 98, "fields": {"job": 38, "benefit": 5, "description": "Be trained on working attitude, procedures.\r\nBe trained on technologies, knowledge in Mobile Programming or Testing field."}}, {"model": "jobsite.jobbenefit", "pk": 99, "fields": {"job": 38, "benefit": 4, "description": "Join in Company Project with Japanese Customer from Japan, as well as in Vietnam.\r\nHave a chance to become ARIS Vietnam\u2019s member."}}, {"model": "jobsite.jobbenefit", "pk": 100, "fields": {"job": 39, "benefit": 3, "description": "Premium healthcare insurance (provided by AON this year) for you and your loved ones"}}, {"model": "jobsite.jobbenefit", "pk": 101, "fields": {"job": 39, "benefit": 11, "description": "Company trip in every summer, at least 2 team building gatherings and big annual year-end party every year"}}, {"model": "jobsite.jobbenefit", "pk": 102, "fields": {"job": 39, "benefit": 5, "description": "Various trainings on hot-trend technologies, best practices and soft skills"}}, {"model": "jobsite.jobbenefit", "pk": 103, "fields": {"job": 39, "benefit": 4, "description": "Onsite opportunities: short-term and long-term assignments in The United States of America"}}, {"model": "jobsite.jobbenefit", "pk": 104, "fields": {"job": 39, "benefit": 1, "description": "Performance appraisal twice a year"}}, {"model": "jobsite.jobbenefit", "pk": 105, "fields": {"job": 39, "benefit": 6, "description": "Great working environment"}}]